[{"model": "auth.group", "pk": 1, "fields": {"name": "clients", "permissions": []}}, {"model": "auth.group", "pk": 2, "fields": {"name": "admins", "permissions": []}}, {"model": "auth.group", "pk": 3, "fields": {"name": "maires", "permissions": []}}, {"model": "auth.group", "pk": 4, "fields": {"name": "services", "permissions": []}}, {"model": "sessions.session", "pk": "3jvhxrjhtx2o3g5l4embnofmbstte3oo", "fields": {"session_data": "ZDVhNDE0ZDMwZmJkZTI2MzVjNTRiYzk2NzE1YWQ0MTViOWU4OWYzNzp7Il9hdXRoX3VzZXJfaGFzaCI6IjM0MTA4ZTAwYjNiMjkyYjQxN2U5MmVlNzRkNGQzZTU4ZmI5MjgyYjEifQ==", "expire_date": "2020-06-30T09:40:16.635Z"}}, {"model": "sessions.session", "pk": "44qv3onl5expbo5zsg0g7gzc8rrd9378", "fields": {"session_data": "NWI1NTMxZTdkN2QxMGYxMWZhN2U1N2NhNjVhZDI5YzBhNTA3N2JkNDp7ImFjY291bnRfdmVyaWZpZWRfZW1haWwiOm51bGwsImFjY291bnRfdXNlciI6IjcyNzlkMDQyNmUyNTQ4NjViNTEwYTk2M2ZhYTFlOTY2IiwiX2F1dGhfdXNlcl9pZCI6IjcyNzlkMDQyLTZlMjUtNDg2NS1iNTEwLWE5NjNmYWExZTk2NiIsIl9hdXRoX3VzZXJfYmFja2VuZCI6ImFsbGF1dGguYWNjb3VudC5hdXRoX2JhY2tlbmRzLkF1dGhlbnRpY2F0aW9uQmFja2VuZCIsIl9hdXRoX3VzZXJfaGFzaCI6IjNhZDdlMGMzOGI2OWNlOWZhOWFkOGQyMGQ0MTk1Nzc0NDIzYzA0MDIifQ==", "expire_date": "2020-07-01T14:25:49.527Z"}}, {"model": "sessions.session", "pk": "4gdzqiwdm0tg4h4ko8c0fhrxemifsq75", "fields": {"session_data": "MGIzMTA5ZTA0OTc2MDZkODkyM2MwMTJmODExZGU1ZTBjYjg1NzZhNDp7ImFjY291bnRfdmVyaWZpZWRfZW1haWwiOm51bGwsImFjY291bnRfdXNlciI6IjViNDQzM2Y2YjBjYjQ4N2Q5MWZmM2U1ODNkNDc3Y2QyIiwiX2F1dGhfdXNlcl9pZCI6IjViNDQzM2Y2LWIwY2ItNDg3ZC05MWZmLTNlNTgzZDQ3N2NkMiIsIl9hdXRoX3VzZXJfYmFja2VuZCI6ImFsbGF1dGguYWNjb3VudC5hdXRoX2JhY2tlbmRzLkF1dGhlbnRpY2F0aW9uQmFja2VuZCIsIl9hdXRoX3VzZXJfaGFzaCI6IjYyZDEzZTZlNDQ2ZWQyZTkyMzZhODNmZTg0ZWYzY2E5ZjRmMGJmMjkifQ==", "expire_date": "2020-06-30T17:29:52.443Z"}}, {"model": "sessions.session", "pk": "5qxdhfx2po9oqu04clcm0calsvr7ueoc", "fields": {"session_data": "NTA0ZTViMmM2ZTlkNDQxNTdjN2UxNTc4ZjE4ZjUzZWFlN2JkNDRhNjp7ImFjY291bnRfdmVyaWZpZWRfZW1haWwiOm51bGwsImFjY291bnRfdXNlciI6ImYyMmZkZDg5YmRjMTQ5M2JhMzYzNmI3ZWM3YWJkMjE4IiwiX2F1dGhfdXNlcl9pZCI6ImYyMmZkZDg5LWJkYzEtNDkzYi1hMzYzLTZiN2VjN2FiZDIxOCIsIl9hdXRoX3VzZXJfYmFja2VuZCI6ImFsbGF1dGguYWNjb3VudC5hdXRoX2JhY2tlbmRzLkF1dGhlbnRpY2F0aW9uQmFja2VuZCIsIl9hdXRoX3VzZXJfaGFzaCI6IjJjZTU2NDQ4MmU4YmEzZGYxYjEyOTE4Y2ZlMTgyNjJiMWZmMzJjYTkifQ==", "expire_date": "2020-07-01T14:44:46.796Z"}}, {"model": "sessions.session", "pk": "634ujidxeeplgnrsh422koaawzqng985", "fields": {"session_data": "Y2ViZWMwMmU3Yzc1MjRlYzY4NDEzNjE2MjdjMjEzZGYxYzRkNGM3ODp7ImFjY291bnRfdmVyaWZpZWRfZW1haWwiOm51bGwsImFjY291bnRfdXNlciI6IjJmNDJlNTRiM2RhNTRjMDdhM2Q2NmNlODA2MjJkMWNiIiwiX2F1dGhfdXNlcl9pZCI6IjJmNDJlNTRiLTNkYTUtNGMwNy1hM2Q2LTZjZTgwNjIyZDFjYiIsIl9hdXRoX3VzZXJfYmFja2VuZCI6ImFsbGF1dGguYWNjb3VudC5hdXRoX2JhY2tlbmRzLkF1dGhlbnRpY2F0aW9uQmFja2VuZCIsIl9hdXRoX3VzZXJfaGFzaCI6ImZkMDYzNzdjZTVlMjc2MTc3YTRjYTNhODNjMWZjM2UxNzdiNGFiMjQifQ==", "expire_date": "2020-06-30T10:13:44.338Z"}}, {"model": "sessions.session", "pk": "7l2vgild8d4boen2k62rpihmuzrratex", "fields": {"session_data": "Y2Q4YjRlNDkxYTcwNjc4ODFhMzI1YjVhYzZjNTg5M2MxMTk4Mzk3ZDp7Il9hdXRoX3VzZXJfaWQiOiI5YzkxMWVlOS0xMGE3LTQ1MWMtYmNjOS0wYzU1ZWE2Yzk5YzQiLCJfYXV0aF91c2VyX2JhY2tlbmQiOiJkamFuZ28uY29udHJpYi5hdXRoLmJhY2tlbmRzLk1vZGVsQmFja2VuZCIsIl9hdXRoX3VzZXJfaGFzaCI6ImMxNmYwOTliNzM5MzFkZWQzMWI0YzIwODk1ZGFiNzg3ODI3ZWRjMWIifQ==", "expire_date": "2020-06-30T09:18:57.594Z"}}, {"model": "sessions.session", "pk": "ccxg73yzfxvlvxc8yfxb1vb6vshztqbo", "fields": {"session_data": "N2MwMzM2OWIxYWU3ODJiMWY3Mzc2ZDlhMmI5NTM0MThhMDA5M2VjZjp7ImFjY291bnRfdmVyaWZpZWRfZW1haWwiOm51bGwsImFjY291bnRfdXNlciI6Ijk1OTk3OGQ2MmUyOTQ3ZmM5ZWQyNDY5MmViZjE2MzVhIiwiX2F1dGhfdXNlcl9pZCI6Ijk1OTk3OGQ2LTJlMjktNDdmYy05ZWQyLTQ2OTJlYmYxNjM1YSIsIl9hdXRoX3VzZXJfYmFja2VuZCI6ImFsbGF1dGguYWNjb3VudC5hdXRoX2JhY2tlbmRzLkF1dGhlbnRpY2F0aW9uQmFja2VuZCIsIl9hdXRoX3VzZXJfaGFzaCI6IjhiMDdjNzY2NzA0NTI2MjBiMjdlODk5NzcwZTA5ZDM3YjllZjYwZTIifQ==", "expire_date": "2020-07-02T17:16:29.037Z"}}, {"model": "sessions.session", "pk": "dykm2y4qfy70fan8zym5m41opwl7qvis", "fields": {"session_data": "ODY1NTIxM2MzMGRhNjk4NDA1NzM3MTM0MDVhNzlkNGY1ZmE2Yzk3Mjp7ImFjY291bnRfdmVyaWZpZWRfZW1haWwiOm51bGwsImFjY291bnRfdXNlciI6IjlkMDE4ZDA0Nzc3MzRkYTViNDMxZTgwYjc1MTNhYmM5IiwiX2F1dGhfdXNlcl9pZCI6IjlkMDE4ZDA0LTc3NzMtNGRhNS1iNDMxLWU4MGI3NTEzYWJjOSIsIl9hdXRoX3VzZXJfYmFja2VuZCI6ImFsbGF1dGguYWNjb3VudC5hdXRoX2JhY2tlbmRzLkF1dGhlbnRpY2F0aW9uQmFja2VuZCIsIl9hdXRoX3VzZXJfaGFzaCI6IjkxZjUxY2MwYzMzYjdlZTk3ZTgyZjJkYjcxYjhkYzQ0NzM5OGMxODgifQ==", "expire_date": "2020-07-02T16:06:25.173Z"}}, {"model": "sessions.session", "pk": "fsskft8j18bxj8bncjwfo4c2pp3j3k0l", "fields": {"session_data": "YjE4MmRmOGZkOTdkYmU4YjNhOGEyYjhjNmRlMDE0NDg1NDEwODE2ZDp7ImFjY291bnRfdmVyaWZpZWRfZW1haWwiOm51bGwsImFjY291bnRfdXNlciI6IjJjNDRiNjRjZTA3ODQ4NGRiYjZjOWZkY2U4MmI2YzNiIiwiX2F1dGhfdXNlcl9pZCI6IjJjNDRiNjRjLWUwNzgtNDg0ZC1iYjZjLTlmZGNlODJiNmMzYiIsIl9hdXRoX3VzZXJfYmFja2VuZCI6ImFsbGF1dGguYWNjb3VudC5hdXRoX2JhY2tlbmRzLkF1dGhlbnRpY2F0aW9uQmFja2VuZCIsIl9hdXRoX3VzZXJfaGFzaCI6IjEyNjE3MWEyMzY0OGY4MjA5MjRiYmFlMzdjMTNhNmM3MzUxMTRiMWYifQ==", "expire_date": "2020-07-01T17:36:11.346Z"}}, {"model": "sessions.session", "pk": "jx4qcgkgafw3gwhz1ghf4z4em7bgrf7w", "fields": {"session_data": "MDVkNDZhNWViZTUwYzYwOTVhM2Q5ZTVhZjI2NDZiZWVlOGNhMGIwZDp7Il9hdXRoX3VzZXJfaGFzaCI6IjY4YTMwZDNkNjlkYThjNjY5YWRkMjQ4ODVmMzM0MWRlMWE0MWU2Y2QifQ==", "expire_date": "2020-07-02T17:21:31.757Z"}}, {"model": "sessions.session", "pk": "kawja0mp6i7mv03teqrf7ii79e9ywbu3", "fields": {"session_data": "ZDYwY2YxODYxODMzMDljMmIzYTMyNzQxM2Y0MWQ1ZGMxYjQwY2E5NTp7ImFjY291bnRfdmVyaWZpZWRfZW1haWwiOm51bGwsImFjY291bnRfdXNlciI6ImNkMWNkZGYzNjczNDQyODQ4MjNiYjhmODNkZDZkZjgwIiwiX2F1dGhfdXNlcl9pZCI6ImNkMWNkZGYzLTY3MzQtNDI4NC04MjNiLWI4ZjgzZGQ2ZGY4MCIsIl9hdXRoX3VzZXJfYmFja2VuZCI6ImFsbGF1dGguYWNjb3VudC5hdXRoX2JhY2tlbmRzLkF1dGhlbnRpY2F0aW9uQmFja2VuZCIsIl9hdXRoX3VzZXJfaGFzaCI6ImE1OGM5ZGNiMjhmNTQ4YjJhOGRhNzQzNTJmZGQzZWY2NTBjOTg3ZGEifQ==", "expire_date": "2020-07-01T15:21:15.630Z"}}, {"model": "sessions.session", "pk": "l2i5ajmz11gdsnaolxfz0s2csppodr7c", "fields": {"session_data": "Y2Q4YjRlNDkxYTcwNjc4ODFhMzI1YjVhYzZjNTg5M2MxMTk4Mzk3ZDp7Il9hdXRoX3VzZXJfaWQiOiI5YzkxMWVlOS0xMGE3LTQ1MWMtYmNjOS0wYzU1ZWE2Yzk5YzQiLCJfYXV0aF91c2VyX2JhY2tlbmQiOiJkamFuZ28uY29udHJpYi5hdXRoLmJhY2tlbmRzLk1vZGVsQmFja2VuZCIsIl9hdXRoX3VzZXJfaGFzaCI6ImMxNmYwOTliNzM5MzFkZWQzMWI0YzIwODk1ZGFiNzg3ODI3ZWRjMWIifQ==", "expire_date": "2020-07-02T17:57:01.198Z"}}, {"model": "sessions.session", "pk": "qseuv0yr6nk9c8zmm68cj2cjjldihvap", "fields": {"session_data": "YTQzMTRjYTIzZGZiYzRhNTc3NzQ4ODZmNmZkNDEzMTMxMGVjN2M3OTp7Il9hdXRoX3VzZXJfaGFzaCI6ImRjOTBkNDQ5NDc4Y2RkMjIwMmU3ZjFjMTA3MTI3ZjI1YjIyN2MzZTMifQ==", "expire_date": "2020-07-02T15:39:41.232Z"}}, {"model": "sessions.session", "pk": "rppnqw73xrm48kmb7bknn65u44246fsi", "fields": {"session_data": "ZmU1MjZmNGI0ZDNmNWU2NGRmYTkzMmI3NzY1ZDliMThmMzUxOGU1Yjp7ImFjY291bnRfdmVyaWZpZWRfZW1haWwiOm51bGwsImFjY291bnRfdXNlciI6IjlhYjBlNjBkZWM3NTQzOGU5YzUxMzcyOTU2MTllZjk4IiwiX2F1dGhfdXNlcl9pZCI6IjlhYjBlNjBkLWVjNzUtNDM4ZS05YzUxLTM3Mjk1NjE5ZWY5OCIsIl9hdXRoX3VzZXJfYmFja2VuZCI6ImFsbGF1dGguYWNjb3VudC5hdXRoX2JhY2tlbmRzLkF1dGhlbnRpY2F0aW9uQmFja2VuZCIsIl9hdXRoX3VzZXJfaGFzaCI6Ijg3OTdlMjA0ZTBlYjYyY2Y0NjFjMTI5NDRjMGMxYTgzMmI5MDViNTIifQ==", "expire_date": "2020-06-30T10:20:39.934Z"}}, {"model": "sessions.session", "pk": "ru9bxmlr50hzjfhha3y9bprq3jys31x6", "fields": {"session_data": "YTk2YmVhZWEyMzk5MTgyY2IyNTk0NTVkMDRiNmJlNzM5Nzg5Njc5ODp7ImFjY291bnRfdmVyaWZpZWRfZW1haWwiOm51bGwsImFjY291bnRfdXNlciI6IjZiNTQyYjI0M2M5NTRlYjY5NTQxYjkwYzMyM2FjNTllIiwiX2F1dGhfdXNlcl9pZCI6IjZiNTQyYjI0LTNjOTUtNGViNi05NTQxLWI5MGMzMjNhYzU5ZSIsIl9hdXRoX3VzZXJfYmFja2VuZCI6ImFsbGF1dGguYWNjb3VudC5hdXRoX2JhY2tlbmRzLkF1dGhlbnRpY2F0aW9uQmFja2VuZCIsIl9hdXRoX3VzZXJfaGFzaCI6IjdhMGZkZWE1Nzc2YjNiYzI4NThiYzA4NDc4YTg3MzJlMWRmNTYyM2YifQ==", "expire_date": "2020-07-01T16:55:44.535Z"}}, {"model": "sessions.session", "pk": "syqxqkw5liok7p61bo0p39k2igm2byja", "fields": {"session_data": "NmFiOGRlMTVkNjJjODAxZDZjYTJhYjQxN2U4NTQ3Y2M0NGM5YzMyZjp7ImFjY291bnRfdmVyaWZpZWRfZW1haWwiOm51bGwsImFjY291bnRfdXNlciI6IjAyN2U3MTk1MjI2ZDQ5ZmY4NDQ5YTc3NjY1ZGY3NGFiIiwiX2F1dGhfdXNlcl9pZCI6IjAyN2U3MTk1LTIyNmQtNDlmZi04NDQ5LWE3NzY2NWRmNzRhYiIsIl9hdXRoX3VzZXJfYmFja2VuZCI6ImFsbGF1dGguYWNjb3VudC5hdXRoX2JhY2tlbmRzLkF1dGhlbnRpY2F0aW9uQmFja2VuZCIsIl9hdXRoX3VzZXJfaGFzaCI6ImI2YTlmMjZhODUyYWE0YzJiOWZlZTAxYjBjN2ZjYmMxZmFjYjE2MTYifQ==", "expire_date": "2020-06-30T09:55:14.768Z"}}, {"model": "sessions.session", "pk": "thzg13rqiao2c09tqa5v7misjled84qv", "fields": {"session_data": "YjU3MmI0MGNiNDQzODNjNmIzZTJlMmIwZDE2MGQ4YmY5OTJkNTVkMjp7ImFjY291bnRfdmVyaWZpZWRfZW1haWwiOm51bGwsImFjY291bnRfdXNlciI6IjQ4MTI5NDJiMmQzYTQ1ZTVhZjRiODliMzk5NDQ2NmRkIiwiX2F1dGhfdXNlcl9pZCI6IjQ4MTI5NDJiLTJkM2EtNDVlNS1hZjRiLTg5YjM5OTQ0NjZkZCIsIl9hdXRoX3VzZXJfYmFja2VuZCI6ImFsbGF1dGguYWNjb3VudC5hdXRoX2JhY2tlbmRzLkF1dGhlbnRpY2F0aW9uQmFja2VuZCIsIl9hdXRoX3VzZXJfaGFzaCI6ImEyNDI3MWRkMWQ4YjZiMGU0YTllZDc4ZWU0OGM1MGE4YzQ0NGYyMzQifQ==", "expire_date": "2020-07-01T14:59:11.051Z"}}, {"model": "sessions.session", "pk": "uiyd22hfpe73qoqoqqhce2f2h1zbki9z", "fields": {"session_data": "OGJjOTA4Y2RhNDk5ZDIwMDIwZmEyNmY1NTNlMjEzZWVmYzQzOWZkYTp7ImFjY291bnRfdmVyaWZpZWRfZW1haWwiOm51bGwsImFjY291bnRfdXNlciI6IjQ4YTBlZDhkODVlMTQ0ZTI4NDg1OWUzYzc3Yjc2ZmViIiwiX2F1dGhfdXNlcl9pZCI6IjQ4YTBlZDhkLTg1ZTEtNDRlMi04NDg1LTllM2M3N2I3NmZlYiIsIl9hdXRoX3VzZXJfYmFja2VuZCI6ImFsbGF1dGguYWNjb3VudC5hdXRoX2JhY2tlbmRzLkF1dGhlbnRpY2F0aW9uQmFja2VuZCIsIl9hdXRoX3VzZXJfaGFzaCI6ImE2OWUzOGM1ZTI0MTM5ZTIwMGQ2OTQ4NDRmM2FhMjUwNDMxYjIwNzgifQ==", "expire_date": "2020-07-02T17:04:27.717Z"}}, {"model": "sessions.session", "pk": "w2wce0elfzey075062z23gldd5zxc2pa", "fields": {"session_data": "NzEzMzJkMmExODc2ZTRkNjAwNDYyYjE2OTQ3OTc5MjlhYzBjNDIwODp7Il9hdXRoX3VzZXJfaGFzaCI6IjYxOGE1MTFhYWE1NWUxNjU3ZjdmZDdlZjY1MjQwYzhkYzUzMWJjODUifQ==", "expire_date": "2020-07-01T18:12:07.349Z"}}, {"model": "sessions.session", "pk": "xsklzkwrq4cce4gevgf51b5srdes48ad", "fields": {"session_data": "Y2Q4YjRlNDkxYTcwNjc4ODFhMzI1YjVhYzZjNTg5M2MxMTk4Mzk3ZDp7Il9hdXRoX3VzZXJfaWQiOiI5YzkxMWVlOS0xMGE3LTQ1MWMtYmNjOS0wYzU1ZWE2Yzk5YzQiLCJfYXV0aF91c2VyX2JhY2tlbmQiOiJkamFuZ28uY29udHJpYi5hdXRoLmJhY2tlbmRzLk1vZGVsQmFja2VuZCIsIl9hdXRoX3VzZXJfaGFzaCI6ImMxNmYwOTliNzM5MzFkZWQzMWI0YzIwODk1ZGFiNzg3ODI3ZWRjMWIifQ==", "expire_date": "2020-07-02T10:43:36.189Z"}}, {"model": "sites.site", "pk": 1, "fields": {"domain": "madina-tic.ml", "name": "madina-tic.ml"}}, {"model": "api.user", "pk": "027e7195-226d-49ff-8449-a77665df74ab", "fields": {"password": "pbkdf2_sha256$180000$yMX3jDlfLVWJ$x+4h6RqJzQ5mKYXievJLYZym6lZWx2rg1F4lc1n0d64=", "last_login": "2020-06-16T09:55:14.762Z", "is_superuser": false, "username": null, "first_name": "djawed", "last_name": "benahmed", "email": "roiacult27@gmail.com", "is_staff": false, "is_active": true, "date_joined": "2020-06-16T09:55:14.409Z", "phone": "0794035143", "role": "Client", "date_of_birth": "1999-12-23", "address": "tlemcen", "image": "images/027e7195-226d-49ff-8449-a77665df74ab.jpg", "is_french": false, "is_approved": true, "notif_seen": false, "national_id": "", "created_on": "2020-06-16T09:55:14.542Z", "groups": [1], "user_permissions": []}}, {"model": "api.user", "pk": "0db16320-1502-4440-882d-81aaee3d48d0", "fields": {"password": "pbkdf2_sha256$180000$oQFzDbKpCKYC$s4BrjSCzlUZgB5nDiujJQ638MjyIMdmlvuAGGGwMLB0=", "last_login": null, "is_superuser": false, "username": null, "first_name": "Service", "last_name": "L'eau", "email": "serviceeau@madina-tic.dz", "is_staff": false, "is_active": true, "date_joined": "2020-06-16T09:37:47.005Z", "phone": "+213659170984", "role": "Service", "date_of_birth": "2020-06-16", "address": "sba", "image": "", "is_french": true, "is_approved": true, "notif_seen": false, "national_id": "", "created_on": "2020-06-16T09:37:47.005Z", "groups": [4], "user_permissions": []}}, {"model": "api.user", "pk": "1afd3f1a-ff38-4dae-80bd-98d49c593a23", "fields": {"password": "pbkdf2_sha256$180000$qywty0vVjLaa$Nlf1j0Fo0o8S2l52GwWbfwrkaYMlJbjU7uVMS8Di8lg=", "last_login": null, "is_superuser": false, "username": null, "first_name": "Service", "last_name": "Gas", "email": "moncef234@gmail.com", "is_staff": false, "is_active": true, "date_joined": "2020-06-16T09:32:58.463Z", "phone": "+213329170987", "role": "Service", "date_of_birth": "2020-06-16", "address": "Sidi Bel Abess, El wiam", "image": "", "is_french": true, "is_approved": true, "notif_seen": true, "national_id": "", "created_on": "2020-06-16T09:32:58.463Z", "groups": [4], "user_permissions": []}}, {"model": "api.user", "pk": "2f42e54b-3da5-4c07-a3d6-6ce80622d1cb", "fields": {"password": "pbkdf2_sha256$180000$RQZXSiR9tSTo$RsfUSMTKpfWKjQO99etnmey08z+71t9w3a6ryRAz7GQ=", "last_login": "2020-06-16T10:13:44.334Z", "is_superuser": false, "username": null, "first_name": "Moncef", "last_name": "Reggam", "email": "m.reggam@esi-sba.dz", "is_staff": false, "is_active": true, "date_joined": "2020-06-16T10:13:43.976Z", "phone": "0559075347", "role": "Client", "date_of_birth": "1999-01-21", "address": "cite 1000 logts ,ext 202", "image": "images/2f42e54b-3da5-4c07-a3d6-6ce80622d1cb.jpeg", "is_french": true, "is_approved": true, "notif_seen": true, "national_id": "1574118112", "created_on": "2020-06-16T10:13:44.108Z", "groups": [1], "user_permissions": []}}, {"model": "api.user", "pk": "389d4b42-18ce-475f-ba86-ff7ad6c5567c", "fields": {"password": "pbkdf2_sha256$180000$u2hxeUy9A04N$NMB4WDdw4CXRnNtiK1CvjOKXj+/6rJ+8y+6bc8r4hxs=", "last_login": null, "is_superuser": false, "username": null, "first_name": "Madina tic", "last_name": "Maire", "email": "oussamabngdev@gmail.com", "is_staff": false, "is_active": true, "date_joined": "2020-06-16T09:55:24.437Z", "phone": "+213659170984", "role": "Maire", "date_of_birth": "2020-06-16", "address": "mosta", "image": "images/389d4b42-18ce-475f-ba86-ff7ad6c5567c.jpg", "is_french": true, "is_approved": true, "notif_seen": true, "national_id": "", "created_on": "2020-06-16T09:55:24.438Z", "groups": [3], "user_permissions": []}}, {"model": "api.user", "pk": "48a0ed8d-85e1-44e2-8485-9e3c77b76feb", "fields": {"password": "pbkdf2_sha256$180000$3DkmKhnq473f$I+DBWiydqVpimAvECs5nZ8n8qPOsrh2yE/pNLz4qQh8=", "last_login": "2020-06-18T17:04:27.709Z", "is_superuser": false, "username": null, "first_name": "Djawed", "last_name": "BENAHMED", "email": "d.benahmed@esi-sba.dz", "is_staff": false, "is_active": true, "date_joined": "2020-06-18T17:04:27.330Z", "phone": "+15555215554", "role": "Client", "date_of_birth": "1999-12-23", "address": "tlemcen", "image": "images/48a0ed8d-85e1-44e2-8485-9e3c77b76feb.jpg", "is_french": false, "is_approved": true, "notif_seen": false, "national_id": "", "created_on": "2020-06-18T17:04:27.473Z", "groups": [1], "user_permissions": []}}, {"model": "api.user", "pk": "5b4433f6-b0cb-487d-91ff-3e583d477cd2", "fields": {"password": "pbkdf2_sha256$180000$FQTlouDIX7J3$kMablkkdWa7vSfP162nl5vrXbGcuZ8OBDUrnwhwv8aY=", "last_login": "2020-06-16T17:29:52.438Z", "is_superuser": false, "username": null, "first_name": "Abdelwahed", "last_name": "madani Yousfi", "email": "a.madaniyousfi@esi-sba.dz", "is_staff": false, "is_active": true, "date_joined": "2020-06-16T17:29:52.092Z", "phone": "0657437204", "role": "Client", "date_of_birth": "1998-01-27", "address": "Tlemcen", "image": "images/5b4433f6-b0cb-487d-91ff-3e583d477cd2_Fa7IKLO.jpg", "is_french": true, "is_approved": true, "notif_seen": true, "national_id": "", "created_on": "2020-06-16T17:29:52.224Z", "groups": [1], "user_permissions": []}}, {"model": "api.user", "pk": "5c68fff2-792d-4ae4-abb6-7a56f4c1b13c", "fields": {"password": "pbkdf2_sha256$180000$g7yelthY48J9$Bcald8tH015W4jRmB3qzfuEGT19FYtXb71N4AKmP/6g=", "last_login": null, "is_superuser": false, "username": null, "first_name": "Service", "last_name": "Poubelle", "email": "oussamamessabih02@gmail.com", "is_staff": false, "is_active": true, "date_joined": "2020-06-18T18:10:55Z", "phone": "+213659170984", "role": "Service", "date_of_birth": "2020-06-18", "address": "Chlef", "image": "", "is_french": true, "is_approved": false, "notif_seen": false, "national_id": "", "created_on": "2020-06-18T18:10:55.392Z", "groups": [4], "user_permissions": []}}, {"model": "api.user", "pk": "90994bb3-b7ef-4f17-8640-388299bfb349", "fields": {"password": "pbkdf2_sha256$180000$Tw2hJePMiLvu$h0pxnEBb4jrxc5Nxs/8bSTniLM+wC/Mg9h68JiyGXaU=", "last_login": null, "is_superuser": false, "username": null, "first_name": "Administration", "last_name": "Mairie", "email": "Saidbouab43@gmail.com", "is_staff": false, "is_active": true, "date_joined": "2020-06-18T12:36:08Z", "phone": "+213 123456789", "role": "Service", "date_of_birth": "2020-06-18", "address": "Mostaganem 400 logts", "image": "", "is_french": true, "is_approved": false, "notif_seen": true, "national_id": "", "created_on": "2020-06-18T12:36:08.006Z", "groups": [4], "user_permissions": []}}, {"model": "api.user", "pk": "959978d6-2e29-47fc-9ed2-4692ebf1635a", "fields": {"password": "pbkdf2_sha256$180000$0BNnN2Fs8BaP$+cxnajae7uhWil5bxdY6sQQUqjHD+bVysVyxtJUo/ZI=", "last_login": "2020-06-18T17:16:29Z", "is_superuser": false, "username": null, "first_name": "Abdelwahed", "last_name": "madani Yousfi", "email": "wahidmadano@gmail.com", "is_staff": false, "is_active": true, "date_joined": "2020-06-18T17:16:28Z", "phone": "0657437204", "role": "Client", "date_of_birth": "1998-01-27", "address": "Tlemcen", "image": "", "is_french": true, "is_approved": true, "notif_seen": false, "national_id": "", "created_on": "2020-06-18T17:16:28.808Z", "groups": [1], "user_permissions": []}}, {"model": "api.user", "pk": "9c911ee9-10a7-451c-bcc9-0c55ea6c99c4", "fields": {"password": "pbkdf2_sha256$180000$myH6FKWZYRnv$FP952ZK3+0AHCXUA5lxxUj1UTYxrraO3kQJsMPJVXqU=", "last_login": "2020-06-18T17:57:01.195Z", "is_superuser": true, "username": "admin", "first_name": "", "last_name": "", "email": "admin@madina-tic.dz", "is_staff": true, "is_active": true, "date_joined": "2020-06-16T09:08:51Z", "phone": "+213659170984", "role": "Admin", "date_of_birth": "2020-06-16", "address": "chlef", "image": "", "is_french": true, "is_approved": true, "notif_seen": false, "national_id": "", "created_on": "2020-06-16T09:08:52.108Z", "groups": [2], "user_permissions": []}}, {"model": "api.user", "pk": "aa727866-0f71-4e96-9afe-f0ac2dfb89eb", "fields": {"password": "pbkdf2_sha256$180000$WRudh2GUNzpk$bzWxXRsWH+PX9u7a7biwb3Uq5d+y8ltIbQpDqvyRsWw=", "last_login": null, "is_superuser": false, "username": null, "first_name": "Service", "last_name": "Travaux publics", "email": "servicetravauxpublics@madina-tic.dz", "is_staff": false, "is_active": true, "date_joined": "2020-06-16T09:36:37.174Z", "phone": "+213659170984", "role": "Service", "date_of_birth": "2020-06-16", "address": "galma", "image": "", "is_french": true, "is_approved": true, "notif_seen": false, "national_id": "", "created_on": "2020-06-16T09:36:37.174Z", "groups": [4], "user_permissions": []}}, {"model": "api.declarationtype", "pk": "01bb1059-b585-4dce-a85e-514806ed6321", "fields": {"name": "Travaux Publics", "service": "aa727866-0f71-4e96-9afe-f0ac2dfb89eb", "created_on": "2020-06-16T09:38:52.507Z"}}, {"model": "api.declarationtype", "pk": "38f2a1f1-8409-46a7-9dee-01d07017e83b", "fields": {"name": "Eau", "service": "0db16320-1502-4440-882d-81aaee3d48d0", "created_on": "2020-06-27T15:26:42.525Z"}}, {"model": "api.declarationtype", "pk": "755dbe0f-4cc2-4a35-94e8-6a739b8646bf", "fields": {"name": "Poubelle", "service": "5c68fff2-792d-4ae4-abb6-7a56f4c1b13c", "created_on": "2020-06-17T17:26:21.169Z"}}, {"model": "api.declarationtype", "pk": "946bac02-3e8d-425c-8bdd-08fe5566f5cb", "fields": {"name": "Electricit\u00e9", "service": "1afd3f1a-ff38-4dae-80bd-98d49c593a23", "created_on": "2020-06-18T01:23:38.585Z"}}, {"model": "api.declarationtype", "pk": "deb4f889-7a53-4c34-b7f9-2d9790236787", "fields": {"name": "Gas", "service": "1afd3f1a-ff38-4dae-80bd-98d49c593a23", "created_on": "2020-06-16T09:38:27.527Z"}}, {"model": "api.notification", "pk": "023fdb77-47ca-49d2-8c7a-aacfa0ca8341", "fields": {"title": "D\u00e9claration cr\u00e9e", "body": "La d\u00e9claration Risque d'accident cr\u00e9e par Moncef", "citoyen": null, "maire": "389d4b42-18ce-475f-ba86-ff7ad6c5567c", "service": null, "created_on": "2020-06-18T01:35:49.389Z"}}, {"model": "api.notification", "pk": "025d6529-953d-4a3f-ac71-8657f157c8fc", "fields": {"title": "D\u00e9claration cr\u00e9e", "body": "La d\u00e9claration Manque d'espace vert cr\u00e9e par Moncef", "citoyen": null, "maire": "389d4b42-18ce-475f-ba86-ff7ad6c5567c", "service": null, "created_on": "2020-06-18T16:09:17.828Z"}}, {"model": "api.notification", "pk": "0706e427-b05f-40ce-9e45-ca2fd33ffcb9", "fields": {"title": "D\u00e9claration modifi\u00e9e", "body": "la d\u00e9claration Absence d'\u00e9clairage publique a \u00e9t\u00e9 modifi\u00e9e et le statut actuel: validated", "citoyen": "2f42e54b-3da5-4c07-a3d6-6ce80622d1cb", "maire": null, "service": "1afd3f1a-ff38-4dae-80bd-98d49c593a23", "created_on": "2020-06-18T17:45:52.620Z"}}, {"model": "api.notification", "pk": "070fe742-b6cb-4caa-99cb-e6b0a07bfea8", "fields": {"title": "D\u00e9claration modifi\u00e9e", "body": "la d\u00e9claration problem de poubelles a \u00e9t\u00e9 modifi\u00e9e et le statut actuel: not_validated", "citoyen": "027e7195-226d-49ff-8449-a77665df74ab", "maire": "389d4b42-18ce-475f-ba86-ff7ad6c5567c", "service": null, "created_on": "2020-06-25T09:20:26.648Z"}}, {"model": "api.notification", "pk": "089cc026-c3ac-4a4e-88fd-cbf649b138ca", "fields": {"title": "D\u00e9claration modifi\u00e9e", "body": "la d\u00e9claration Risque de masse d'\u00e9l\u00e9ctricit\u00e9 a \u00e9t\u00e9 modifi\u00e9e et le statut actuel: not_validated", "citoyen": "2f42e54b-3da5-4c07-a3d6-6ce80622d1cb", "maire": "389d4b42-18ce-475f-ba86-ff7ad6c5567c", "service": null, "created_on": "2020-06-18T17:30:49.250Z"}}, {"model": "api.notification", "pk": "09ee2d70-3da7-4db8-9b48-370bb8401c63", "fields": {"title": "D\u00e9claration modifi\u00e9e", "body": "la d\u00e9claration Probl\u00e8me d'\u00e9lectricit\u00e9 a \u00e9t\u00e9 modifi\u00e9e et le statut actuel: validated", "citoyen": "027e7195-226d-49ff-8449-a77665df74ab", "maire": null, "service": "1afd3f1a-ff38-4dae-80bd-98d49c593a23", "created_on": "2020-06-17T15:45:41.703Z"}}, {"model": "api.notification", "pk": "0c216d30-24e8-4ca7-9487-7b2739e1d864", "fields": {"title": "D\u00e9claration modifi\u00e9e", "body": "la d\u00e9claration Probl\u00e8me de poubelle a \u00e9t\u00e9 modifi\u00e9e et le statut actuel: not_validated", "citoyen": "2f42e54b-3da5-4c07-a3d6-6ce80622d1cb", "maire": "389d4b42-18ce-475f-ba86-ff7ad6c5567c", "service": null, "created_on": "2020-06-18T12:53:56.477Z"}}, {"model": "api.notification", "pk": "0ee25f2a-2e3c-4954-941d-1972e11b2a10", "fields": {"title": "D\u00e9claration cr\u00e9e", "body": "La d\u00e9claration Fuit de gaz cr\u00e9e par djawed", "citoyen": null, "maire": "389d4b42-18ce-475f-ba86-ff7ad6c5567c", "service": null, "created_on": "2020-06-16T16:28:15.339Z"}}, {"model": "api.notification", "pk": "0f074f73-9be5-4cb5-a82f-f5f50f1c362f", "fields": {"title": "D\u00e9claration modifi\u00e9e", "body": "la d\u00e9claration Probl\u00e8me d'\u00e9lectricit\u00e9 a \u00e9t\u00e9 modifi\u00e9e et le statut actuel: not_validated", "citoyen": "027e7195-226d-49ff-8449-a77665df74ab", "maire": "389d4b42-18ce-475f-ba86-ff7ad6c5567c", "service": null, "created_on": "2020-06-18T02:07:49.570Z"}}, {"model": "api.notification", "pk": "0f4f63d5-23b1-4565-8302-065379262c42", "fields": {"title": "D\u00e9claration modifi\u00e9e", "body": "la d\u00e9claration \u0645\u0634\u0643\u0644 \u0646\u0638\u0627\u0641\u0629 a \u00e9t\u00e9 modifi\u00e9e et le statut actuel: not_validated", "citoyen": "2f42e54b-3da5-4c07-a3d6-6ce80622d1cb", "maire": "389d4b42-18ce-475f-ba86-ff7ad6c5567c", "service": null, "created_on": "2020-06-18T16:34:08.019Z"}}, {"model": "api.notification", "pk": "0f9b51a7-1cef-450d-8ea7-5bbf631c0b44", "fields": {"title": "D\u00e9claration modifi\u00e9e", "body": "la d\u00e9claration Poubelle partout a \u00e9t\u00e9 modifi\u00e9e et le statut actuel: under_treatment", "citoyen": "2f42e54b-3da5-4c07-a3d6-6ce80622d1cb", "maire": "389d4b42-18ce-475f-ba86-ff7ad6c5567c", "service": null, "created_on": "2020-06-18T17:45:24.299Z"}}, {"model": "api.notification", "pk": "1840ca70-896b-42fe-ae27-b3df12b474a3", "fields": {"title": "D\u00e9claration cr\u00e9e", "body": "La d\u00e9claration Probleme de gaz cr\u00e9e par Abdelwahed", "citoyen": null, "maire": "389d4b42-18ce-475f-ba86-ff7ad6c5567c", "service": null, "created_on": "2020-06-18T16:25:58.992Z"}}, {"model": "api.notification", "pk": "18645528-c7ef-44d5-819b-daa46bd3140f", "fields": {"title": "D\u00e9claration modifi\u00e9e", "body": "la d\u00e9claration Probl\u00e8me de poubelle a \u00e9t\u00e9 modifi\u00e9e et le statut actuel: not_validated", "citoyen": "2f42e54b-3da5-4c07-a3d6-6ce80622d1cb", "maire": "389d4b42-18ce-475f-ba86-ff7ad6c5567c", "service": null, "created_on": "2020-06-18T12:37:08.905Z"}}, {"model": "api.notification", "pk": "1bbcaaa6-2367-4b92-91e0-166055e364f0", "fields": {"title": "D\u00e9claration modifi\u00e9e", "body": "la d\u00e9claration Panne d'\u00e9lectricit\u00e9 a \u00e9t\u00e9 modifi\u00e9e et le statut actuel: treated", "citoyen": "027e7195-226d-49ff-8449-a77665df74ab", "maire": "389d4b42-18ce-475f-ba86-ff7ad6c5567c", "service": null, "created_on": "2020-06-18T17:50:04.592Z"}}, {"model": "api.notification", "pk": "1c27ddbf-fd3f-4418-bc0f-18a93f919af6", "fields": {"title": "D\u00e9claration cr\u00e9e", "body": "La d\u00e9claration Probleme de gaz cr\u00e9e par Abdelwahed", "citoyen": null, "maire": "389d4b42-18ce-475f-ba86-ff7ad6c5567c", "service": null, "created_on": "2020-06-18T17:22:26.065Z"}}, {"model": "api.notification", "pk": "1d1b6b9e-06b7-4cf8-bf7d-d36f163dbeed", "fields": {"title": "D\u00e9claration modifi\u00e9e", "body": "la d\u00e9claration problem de poubelles a \u00e9t\u00e9 modifi\u00e9e et le statut actuel: draft", "citoyen": "027e7195-226d-49ff-8449-a77665df74ab", "maire": "389d4b42-18ce-475f-ba86-ff7ad6c5567c", "service": null, "created_on": "2020-06-25T09:20:37.960Z"}}, {"model": "api.notification", "pk": "1e204bfb-9032-434d-8b76-1435d8dfe4d2", "fields": {"title": "D\u00e9claration cr\u00e9e", "body": "La d\u00e9claration Masse d'\u00e9lectricit\u00e9 cr\u00e9e par djawed", "citoyen": null, "maire": "389d4b42-18ce-475f-ba86-ff7ad6c5567c", "service": null, "created_on": "2020-06-16T17:37:57.268Z"}}, {"model": "api.notification", "pk": "1e3281ef-9284-42a9-aadb-2a2744925e98", "fields": {"title": "D\u00e9claration modifi\u00e9e", "body": "la d\u00e9claration problem de gaz a \u00e9t\u00e9 modifi\u00e9e et le statut actuel: validated", "citoyen": "48a0ed8d-85e1-44e2-8485-9e3c77b76feb", "maire": null, "service": "1afd3f1a-ff38-4dae-80bd-98d49c593a23", "created_on": "2020-06-18T17:45:43.673Z"}}, {"model": "api.notification", "pk": "1fd8c51a-84b4-44a1-95f4-75866c280f3d", "fields": {"title": "D\u00e9claration cr\u00e9e", "body": "La d\u00e9claration Route pav\u00e9 cr\u00e9e par Abdelwahed", "citoyen": null, "maire": "389d4b42-18ce-475f-ba86-ff7ad6c5567c", "service": null, "created_on": "2020-06-17T15:34:51.587Z"}}, {"model": "api.notification", "pk": "2306552e-6cda-40b3-a33e-e82110839913", "fields": {"title": "Rapport cr\u00e9e", "body": "le rapport :Probl\u00e8me reglu\u00e9a \u00e9t\u00e9 cr\u00e9e parService", "citoyen": null, "maire": "389d4b42-18ce-475f-ba86-ff7ad6c5567c", "service": null, "created_on": "2020-06-28T21:06:17.392Z"}}, {"model": "api.notification", "pk": "2344dc6a-3b0c-4486-8579-d93c2e689c29", "fields": {"title": "D\u00e9claration modifi\u00e9e", "body": "la d\u00e9claration Risque d'accident a \u00e9t\u00e9 modifi\u00e9e et le statut actuel: not_validated", "citoyen": "2f42e54b-3da5-4c07-a3d6-6ce80622d1cb", "maire": "389d4b42-18ce-475f-ba86-ff7ad6c5567c", "service": null, "created_on": "2020-06-18T13:00:58.634Z"}}, {"model": "api.notification", "pk": "24eab7b8-6a82-49d9-992e-7e80658df8a9", "fields": {"title": "Rapport cr\u00e9e", "body": "le rapport :Probl\u00e8me reglu\u00e9a \u00e9t\u00e9 cr\u00e9e parService", "citoyen": null, "maire": "389d4b42-18ce-475f-ba86-ff7ad6c5567c", "service": null, "created_on": "2020-06-18T17:46:54.805Z"}}, {"model": "api.notification", "pk": "25f6d45b-5f1f-4008-9c2a-ccff5a38b533", "fields": {"title": "D\u00e9claration modifi\u00e9e", "body": "la d\u00e9claration Risque d'accident a \u00e9t\u00e9 modifi\u00e9e et le statut actuel: not_validated", "citoyen": "2f42e54b-3da5-4c07-a3d6-6ce80622d1cb", "maire": "389d4b42-18ce-475f-ba86-ff7ad6c5567c", "service": null, "created_on": "2020-06-18T12:59:54.020Z"}}, {"model": "api.notification", "pk": "268e8b7d-a68d-4031-bc6d-e7352e0cb8f6", "fields": {"title": "D\u00e9claration modifi\u00e9e", "body": "la d\u00e9claration \u0645\u0634\u0643\u0644 \u0646\u0638\u0627\u0641\u0629 a \u00e9t\u00e9 modifi\u00e9e et le statut actuel: not_validated", "citoyen": "2f42e54b-3da5-4c07-a3d6-6ce80622d1cb", "maire": "389d4b42-18ce-475f-ba86-ff7ad6c5567c", "service": null, "created_on": "2020-06-18T16:03:24.407Z"}}, {"model": "api.notification", "pk": "27c2adda-a911-47f0-a961-ce61646135f9", "fields": {"title": "D\u00e9claration modifi\u00e9e", "body": "la d\u00e9claration Poubelle partout a \u00e9t\u00e9 modifi\u00e9e et le statut actuel: not_validated", "citoyen": "2f42e54b-3da5-4c07-a3d6-6ce80622d1cb", "maire": "389d4b42-18ce-475f-ba86-ff7ad6c5567c", "service": null, "created_on": "2020-06-18T15:15:23.182Z"}}, {"model": "api.notification", "pk": "2ae7da2c-6f55-4746-b51e-1a90fe0ef4b1", "fields": {"title": "D\u00e9claration cr\u00e9e", "body": "La d\u00e9claration problem \u00e9lectric cr\u00e9e par Djawed", "citoyen": null, "maire": "389d4b42-18ce-475f-ba86-ff7ad6c5567c", "service": null, "created_on": "2020-06-17T17:42:13.885Z"}}, {"model": "api.notification", "pk": "2e134705-2947-47ce-a057-51d1eb65635e", "fields": {"title": "D\u00e9claration cr\u00e9e", "body": "La d\u00e9claration test cr\u00e9e par djawed", "citoyen": null, "maire": "389d4b42-18ce-475f-ba86-ff7ad6c5567c", "service": null, "created_on": "2020-06-25T09:10:30.113Z"}}, {"model": "api.notification", "pk": "2e2d3bf9-418d-4af7-9457-80267d4db641", "fields": {"title": "D\u00e9claration modifi\u00e9e", "body": "la d\u00e9claration problem de poubelles a \u00e9t\u00e9 modifi\u00e9e et le statut actuel: not_validated", "citoyen": "027e7195-226d-49ff-8449-a77665df74ab", "maire": "389d4b42-18ce-475f-ba86-ff7ad6c5567c", "service": null, "created_on": "2020-06-25T09:48:18.843Z"}}, {"model": "api.notification", "pk": "2ea47ba4-201d-463b-8853-f29b13499ca1", "fields": {"title": "D\u00e9claration cr\u00e9e", "body": "La d\u00e9claration Poubelle partout cr\u00e9e par Moncef", "citoyen": null, "maire": "389d4b42-18ce-475f-ba86-ff7ad6c5567c", "service": null, "created_on": "2020-06-18T00:47:52.134Z"}}, {"model": "api.notification", "pk": "3343a88f-b9ff-4564-9360-75fadc2942a6", "fields": {"title": "D\u00e9claration modifi\u00e9e", "body": "la d\u00e9claration Panne d'\u00e9lectricit\u00e9 a \u00e9t\u00e9 modifi\u00e9e et le statut actuel: validated", "citoyen": "027e7195-226d-49ff-8449-a77665df74ab", "maire": null, "service": "1afd3f1a-ff38-4dae-80bd-98d49c593a23", "created_on": "2020-06-17T15:45:54.298Z"}}, {"model": "api.notification", "pk": "3a701a61-88c0-4ce0-a14e-2cc25e70ddfe", "fields": {"title": "D\u00e9claration modifi\u00e9e", "body": "la d\u00e9claration Masse d'\u00e9lectricit\u00e9 a \u00e9t\u00e9 modifi\u00e9e et le statut actuel: validated", "citoyen": "027e7195-226d-49ff-8449-a77665df74ab", "maire": null, "service": "0db16320-1502-4440-882d-81aaee3d48d0", "created_on": "2020-06-17T15:38:31.940Z"}}, {"model": "api.notification", "pk": "3aa2e77c-ae81-4c30-9900-e581be9de166", "fields": {"title": "D\u00e9claration modifi\u00e9e", "body": "la d\u00e9claration Route endommag\u00e9 a \u00e9t\u00e9 modifi\u00e9e et le statut actuel: validated", "citoyen": "027e7195-226d-49ff-8449-a77665df74ab", "maire": null, "service": "0db16320-1502-4440-882d-81aaee3d48d0", "created_on": "2020-06-18T17:32:46.508Z"}}, {"model": "api.notification", "pk": "3c982b43-bb7e-4b38-8176-27418619a3e0", "fields": {"title": "D\u00e9claration cr\u00e9e", "body": "La d\u00e9claration Test declaration cr\u00e9e par Moncef", "citoyen": null, "maire": "389d4b42-18ce-475f-ba86-ff7ad6c5567c", "service": null, "created_on": "2020-06-16T13:01:28.639Z"}}, {"model": "api.notification", "pk": "3e658e35-9efe-4775-b024-74f971cafb68", "fields": {"title": "D\u00e9claration cr\u00e9e", "body": "La d\u00e9claration Route pav\u00e9 cr\u00e9e par Abdelwahed", "citoyen": null, "maire": "389d4b42-18ce-475f-ba86-ff7ad6c5567c", "service": null, "created_on": "2020-06-17T15:34:48.862Z"}}, {"model": "api.notification", "pk": "4045e222-353f-49ea-82ab-316c0f947268", "fields": {"title": "Announce cr\u00e9e", "body": "l`announce :Route bloqu\u00e9ea \u00e9t\u00e9 cr\u00e9e parService", "citoyen": null, "maire": "389d4b42-18ce-475f-ba86-ff7ad6c5567c", "service": null, "created_on": "2020-06-17T15:39:20.713Z"}}, {"model": "api.notification", "pk": "411e882b-5c03-4848-b70e-c2b270a0cfe9", "fields": {"title": "D\u00e9claration modifi\u00e9e", "body": "la d\u00e9claration problem de poubelles a \u00e9t\u00e9 modifi\u00e9e et le statut actuel: draft", "citoyen": "027e7195-226d-49ff-8449-a77665df74ab", "maire": "389d4b42-18ce-475f-ba86-ff7ad6c5567c", "service": null, "created_on": "2020-06-25T09:07:18.332Z"}}, {"model": "api.notification", "pk": "44688f61-f5b5-4c7f-b98a-c17f1f02f201", "fields": {"title": "Announce cr\u00e9e", "body": "l`announce :Manque d'espace verta \u00e9t\u00e9 cr\u00e9e parService", "citoyen": null, "maire": "389d4b42-18ce-475f-ba86-ff7ad6c5567c", "service": null, "created_on": "2020-06-16T18:40:13.701Z"}}, {"model": "api.notification", "pk": "44e1a075-6871-45fa-be2d-05234dd0335b", "fields": {"title": "D\u00e9claration cr\u00e9e", "body": "La d\u00e9claration problem de poubelles cr\u00e9e par djawed", "citoyen": null, "maire": "389d4b42-18ce-475f-ba86-ff7ad6c5567c", "service": null, "created_on": "2020-06-25T09:06:25.970Z"}}, {"model": "api.notification", "pk": "45c7238a-4205-4a0f-8eec-100d2f9d0623", "fields": {"title": "D\u00e9claration cr\u00e9e", "body": "La d\u00e9claration Possibilit\u00e9 de fuit de gaz cr\u00e9e par djawed", "citoyen": null, "maire": "389d4b42-18ce-475f-ba86-ff7ad6c5567c", "service": null, "created_on": "2020-06-16T17:33:55.340Z"}}, {"model": "api.notification", "pk": "481acdb2-e191-4dbc-ae19-b7694047ef54", "fields": {"title": "Announce cr\u00e9e", "body": "l`announce :Concours d'emploia \u00e9t\u00e9 cr\u00e9e parService", "citoyen": null, "maire": "389d4b42-18ce-475f-ba86-ff7ad6c5567c", "service": null, "created_on": "2020-06-17T22:59:23.417Z"}}, {"model": "api.notification", "pk": "48843b3e-9854-4152-bc54-8adee5f96170", "fields": {"title": "D\u00e9claration modifi\u00e9e", "body": "la d\u00e9claration Probl\u00e8me de poubelle a \u00e9t\u00e9 modifi\u00e9e et le statut actuel: not_validated", "citoyen": "2f42e54b-3da5-4c07-a3d6-6ce80622d1cb", "maire": "389d4b42-18ce-475f-ba86-ff7ad6c5567c", "service": null, "created_on": "2020-06-18T12:49:55.446Z"}}, {"model": "api.notification", "pk": "4927cf48-b75f-42e6-92cc-30b0ad709712", "fields": {"title": "D\u00e9claration modifi\u00e9e", "body": "la d\u00e9claration Route endommag\u00e9 a \u00e9t\u00e9 modifi\u00e9e et le statut actuel: validated", "citoyen": "027e7195-226d-49ff-8449-a77665df74ab", "maire": null, "service": "0db16320-1502-4440-882d-81aaee3d48d0", "created_on": "2020-06-18T17:32:48.173Z"}}, {"model": "api.notification", "pk": "4c246b9f-8da3-4d03-93bf-bd2dee2437d5", "fields": {"title": "Rapport cr\u00e9e", "body": "le rapport :Electricit\u00e9 restaur\u00e9e.a \u00e9t\u00e9 cr\u00e9e parService", "citoyen": null, "maire": "389d4b42-18ce-475f-ba86-ff7ad6c5567c", "service": null, "created_on": "2020-06-18T15:08:15.661Z"}}, {"model": "api.notification", "pk": "4c94ea38-35b1-44d1-9011-3d1e674de207", "fields": {"title": "D\u00e9claration modifi\u00e9e", "body": "la d\u00e9claration Probl\u00e8me de poubelle a \u00e9t\u00e9 modifi\u00e9e et le statut actuel: not_validated", "citoyen": "2f42e54b-3da5-4c07-a3d6-6ce80622d1cb", "maire": "389d4b42-18ce-475f-ba86-ff7ad6c5567c", "service": null, "created_on": "2020-06-18T12:39:30.597Z"}}, {"model": "api.notification", "pk": "5076859e-435c-4c65-ace3-1cda33ec3124", "fields": {"title": "Rapport cr\u00e9e", "body": "le rapport :Probl\u00e8me reglu\u00e9a \u00e9t\u00e9 cr\u00e9e parService", "citoyen": null, "maire": "389d4b42-18ce-475f-ba86-ff7ad6c5567c", "service": null, "created_on": "2020-06-28T21:34:54.823Z"}}, {"model": "api.notification", "pk": "50eb3392-0c78-441a-9979-ecaff6bc6188", "fields": {"title": "Demande de compl\u00e9ment", "body": "La d\u00e9claration : Risque de masse d'\u00e9l\u00e9ctricit\u00e9 besoin de compl\u00e9ment d`apr\u00e9s le maire Madina ticet la raison c`est: besoin de plus dimages", "citoyen": "2f42e54b-3da5-4c07-a3d6-6ce80622d1cb", "maire": null, "service": null, "created_on": "2020-06-18T17:27:58.416Z"}}, {"model": "api.notification", "pk": "52a54c80-aca5-4996-be14-4eb123445702", "fields": {"title": "D\u00e9claration modifi\u00e9e", "body": "la d\u00e9claration Masse d'\u00e9lectricit\u00e9 a \u00e9t\u00e9 modifi\u00e9e et le statut actuel: validated", "citoyen": "027e7195-226d-49ff-8449-a77665df74ab", "maire": null, "service": "0db16320-1502-4440-882d-81aaee3d48d0", "created_on": "2020-06-17T15:39:10.367Z"}}, {"model": "api.notification", "pk": "537a7a06-88a5-47f4-9325-af5aedc900b2", "fields": {"title": "D\u00e9claration modifi\u00e9e", "body": "la d\u00e9claration Probl\u00e8me d'\u00e9lectricit\u00e9 a \u00e9t\u00e9 modifi\u00e9e et le statut actuel: archived", "citoyen": "027e7195-226d-49ff-8449-a77665df74ab", "maire": "389d4b42-18ce-475f-ba86-ff7ad6c5567c", "service": null, "created_on": "2020-06-18T02:17:06.437Z"}}, {"model": "api.notification", "pk": "53b69858-1724-4060-a977-636d3cb23e86", "fields": {"title": "Demande de compl\u00e9ment", "body": "le rapport :Electricit\u00e9 restaur\u00e9e.a besoin de compl\u00e9ment a cause de :Attacher des fichiersparMadina tic", "citoyen": null, "maire": null, "service": "1afd3f1a-ff38-4dae-80bd-98d49c593a23", "created_on": "2020-06-18T15:11:27.293Z"}}, {"model": "api.notification", "pk": "569dbc48-1970-4a06-9a2d-209b4f2ca3c2", "fields": {"title": "D\u00e9claration modifi\u00e9e", "body": "la d\u00e9claration Probleme de gaz a \u00e9t\u00e9 modifi\u00e9e et le statut actuel: not_validated", "citoyen": "5b4433f6-b0cb-487d-91ff-3e583d477cd2", "maire": "389d4b42-18ce-475f-ba86-ff7ad6c5567c", "service": null, "created_on": "2020-06-18T16:26:16.744Z"}}, {"model": "api.notification", "pk": "595cd0cf-d38e-477e-9a39-00f311b507c2", "fields": {"title": "D\u00e9claration modifi\u00e9e", "body": "la d\u00e9claration Poubelle partout a \u00e9t\u00e9 modifi\u00e9e et le statut actuel: validated", "citoyen": "2f42e54b-3da5-4c07-a3d6-6ce80622d1cb", "maire": null, "service": "1afd3f1a-ff38-4dae-80bd-98d49c593a23", "created_on": "2020-06-18T17:45:05.829Z"}}, {"model": "api.notification", "pk": "59a7c224-fb44-44f6-bba3-a620c9bad258", "fields": {"title": "Announce cr\u00e9e", "body": "l`announce :gr\u00e9ve de transporta \u00e9t\u00e9 cr\u00e9e parAdministration", "citoyen": null, "maire": "389d4b42-18ce-475f-ba86-ff7ad6c5567c", "service": null, "created_on": "2020-06-18T16:51:54.668Z"}}, {"model": "api.notification", "pk": "5a1accbd-c218-4dd4-b20a-b9f69a12ec6b", "fields": {"title": "D\u00e9claration modifi\u00e9e", "body": "la d\u00e9claration Probl\u00e8me de poubelle a \u00e9t\u00e9 modifi\u00e9e et le statut actuel: not_validated", "citoyen": "2f42e54b-3da5-4c07-a3d6-6ce80622d1cb", "maire": "389d4b42-18ce-475f-ba86-ff7ad6c5567c", "service": null, "created_on": "2020-06-18T02:05:20.477Z"}}, {"model": "api.notification", "pk": "5da06fe2-869d-42ff-9a63-3b9e516faf4b", "fields": {"title": "D\u00e9claration modifi\u00e9e", "body": "la d\u00e9claration Risque d'accident a \u00e9t\u00e9 modifi\u00e9e et le statut actuel: not_validated", "citoyen": "2f42e54b-3da5-4c07-a3d6-6ce80622d1cb", "maire": "389d4b42-18ce-475f-ba86-ff7ad6c5567c", "service": null, "created_on": "2020-06-18T13:00:34.173Z"}}, {"model": "api.notification", "pk": "5db42abe-95aa-4467-b079-424235b79ec0", "fields": {"title": "D\u00e9claration modifi\u00e9e", "body": "la d\u00e9claration Fuite de gaz a \u00e9t\u00e9 modifi\u00e9e et le statut actuel: not_validated", "citoyen": "2f42e54b-3da5-4c07-a3d6-6ce80622d1cb", "maire": "389d4b42-18ce-475f-ba86-ff7ad6c5567c", "service": null, "created_on": "2020-06-18T15:25:48.690Z"}}, {"model": "api.notification", "pk": "5fc3d502-eba7-4957-8383-df9eee2596fc", "fields": {"title": "D\u00e9claration modifi\u00e9e", "body": "la d\u00e9claration Masse d'\u00e9lectricit\u00e9 a \u00e9t\u00e9 modifi\u00e9e et le statut actuel: validated", "citoyen": "027e7195-226d-49ff-8449-a77665df74ab", "maire": null, "service": "0db16320-1502-4440-882d-81aaee3d48d0", "created_on": "2020-06-17T15:45:25.716Z"}}, {"model": "api.notification", "pk": "6204cbbd-4b2f-4573-84b6-5d1694175b3e", "fields": {"title": "D\u00e9claration modifi\u00e9e", "body": "la d\u00e9claration Risque d'accident a \u00e9t\u00e9 modifi\u00e9e et le statut actuel: not_validated", "citoyen": "2f42e54b-3da5-4c07-a3d6-6ce80622d1cb", "maire": "389d4b42-18ce-475f-ba86-ff7ad6c5567c", "service": null, "created_on": "2020-06-18T12:58:54.035Z"}}, {"model": "api.notification", "pk": "63654fa3-2d96-4ac2-ac31-f12d1d584511", "fields": {"title": "D\u00e9claration modifi\u00e9e", "body": "la d\u00e9claration Probl\u00e8me de poubelle a \u00e9t\u00e9 modifi\u00e9e et le statut actuel: not_validated", "citoyen": "2f42e54b-3da5-4c07-a3d6-6ce80622d1cb", "maire": "389d4b42-18ce-475f-ba86-ff7ad6c5567c", "service": null, "created_on": "2020-06-17T23:41:32.185Z"}}, {"model": "api.notification", "pk": "69e83411-d51f-4278-b0f7-d5240eca838b", "fields": {"title": "D\u00e9claration modifi\u00e9e", "body": "la d\u00e9claration problem de gaz a \u00e9t\u00e9 modifi\u00e9e et le statut actuel: not_validated", "citoyen": "48a0ed8d-85e1-44e2-8485-9e3c77b76feb", "maire": "389d4b42-18ce-475f-ba86-ff7ad6c5567c", "service": null, "created_on": "2020-06-18T17:13:13.147Z"}}, {"model": "api.notification", "pk": "6a649ba5-29be-4089-862d-2b692784d8ca", "fields": {"title": "D\u00e9claration cr\u00e9e", "body": "La d\u00e9claration Feu de circulation en panne cr\u00e9e par Moncef", "citoyen": null, "maire": "389d4b42-18ce-475f-ba86-ff7ad6c5567c", "service": null, "created_on": "2020-06-16T13:41:27.592Z"}}, {"model": "api.notification", "pk": "6ba51e80-dcb7-497e-b049-121250780af5", "fields": {"title": "Demande de compl\u00e9ment", "body": "La d\u00e9claration : Fuite de gaz besoin de compl\u00e9ment d`apr\u00e9s le maire Madina ticet la raison c`est: Donner l'adresse exact", "citoyen": "2f42e54b-3da5-4c07-a3d6-6ce80622d1cb", "maire": null, "service": null, "created_on": "2020-06-18T15:25:03.476Z"}}, {"model": "api.notification", "pk": "6d63f633-ebc4-41fc-b857-7594cd0b7a64", "fields": {"title": "D\u00e9claration modifi\u00e9e", "body": "la d\u00e9claration Manque d'espace vert a \u00e9t\u00e9 modifi\u00e9e et le statut actuel: not_validated", "citoyen": "2f42e54b-3da5-4c07-a3d6-6ce80622d1cb", "maire": "389d4b42-18ce-475f-ba86-ff7ad6c5567c", "service": null, "created_on": "2020-06-18T16:10:14.182Z"}}, {"model": "api.notification", "pk": "6d92ebf9-88ec-4bbf-af54-7a1ceba95e48", "fields": {"title": "D\u00e9claration modifi\u00e9e", "body": "la d\u00e9claration Poubelle partout a \u00e9t\u00e9 modifi\u00e9e et le statut actuel: not_validated", "citoyen": "2f42e54b-3da5-4c07-a3d6-6ce80622d1cb", "maire": "389d4b42-18ce-475f-ba86-ff7ad6c5567c", "service": null, "created_on": "2020-06-18T14:16:31.192Z"}}, {"model": "api.notification", "pk": "6eb21538-a686-46cd-9a59-8b0325533b6e", "fields": {"title": "D\u00e9claration cr\u00e9e", "body": "La d\u00e9claration Route endommag\u00e9 cr\u00e9e par djawed", "citoyen": null, "maire": "389d4b42-18ce-475f-ba86-ff7ad6c5567c", "service": null, "created_on": "2020-06-16T16:54:04.540Z"}}, {"model": "api.notification", "pk": "714a55c5-1559-47e6-8982-76b79334f604", "fields": {"title": "D\u00e9claration modifi\u00e9e", "body": "la d\u00e9claration Probl\u00e8me de poubelle a \u00e9t\u00e9 modifi\u00e9e et le statut actuel: not_validated", "citoyen": "2f42e54b-3da5-4c07-a3d6-6ce80622d1cb", "maire": "389d4b42-18ce-475f-ba86-ff7ad6c5567c", "service": null, "created_on": "2020-06-18T12:25:06.200Z"}}, {"model": "api.notification", "pk": "729af53e-828b-46c1-9964-a220e2bf8889", "fields": {"title": "D\u00e9claration modifi\u00e9e", "body": "la d\u00e9claration Route pav\u00e9 a \u00e9t\u00e9 modifi\u00e9e et le statut actuel: not_validated", "citoyen": "027e7195-226d-49ff-8449-a77665df74ab", "maire": "389d4b42-18ce-475f-ba86-ff7ad6c5567c", "service": null, "created_on": "2020-06-18T02:06:42.285Z"}}, {"model": "api.notification", "pk": "7888df1a-63b5-45cd-a742-0225fbf4ab7d", "fields": {"title": "D\u00e9claration modifi\u00e9e", "body": "la d\u00e9claration Route pav\u00e9 a \u00e9t\u00e9 modifi\u00e9e et le statut actuel: validated", "citoyen": "027e7195-226d-49ff-8449-a77665df74ab", "maire": null, "service": "1afd3f1a-ff38-4dae-80bd-98d49c593a23", "created_on": "2020-06-17T15:45:47.526Z"}}, {"model": "api.notification", "pk": "796dc14b-2b3c-469c-8f88-e44eb911b74f", "fields": {"title": "D\u00e9claration modifi\u00e9e", "body": "la d\u00e9claration Route pav\u00e9 a \u00e9t\u00e9 modifi\u00e9e et le statut actuel: not_validated", "citoyen": "5b4433f6-b0cb-487d-91ff-3e583d477cd2", "maire": "389d4b42-18ce-475f-ba86-ff7ad6c5567c", "service": null, "created_on": "2020-06-18T02:14:13.540Z"}}, {"model": "api.notification", "pk": "7ae2a32d-1e13-4c97-99eb-91fa7fca6b14", "fields": {"title": "D\u00e9claration modifi\u00e9e", "body": "la d\u00e9claration Probl\u00e8me d'\u00e9lectricit\u00e9 a \u00e9t\u00e9 modifi\u00e9e et le statut actuel: under_treatment", "citoyen": "027e7195-226d-49ff-8449-a77665df74ab", "maire": "389d4b42-18ce-475f-ba86-ff7ad6c5567c", "service": null, "created_on": "2020-06-17T15:48:02.358Z"}}, {"model": "api.notification", "pk": "7e2759f5-6263-42ab-9382-99f4cb6ec0ee", "fields": {"title": "D\u00e9claration modifi\u00e9e", "body": "la d\u00e9claration Test declaration a \u00e9t\u00e9 modifi\u00e9e et le statut actuel: under_treatment", "citoyen": "2f42e54b-3da5-4c07-a3d6-6ce80622d1cb", "maire": "389d4b42-18ce-475f-ba86-ff7ad6c5567c", "service": null, "created_on": "2020-06-16T13:23:50.900Z"}}, {"model": "api.notification", "pk": "7e31d584-45ab-4412-9932-2e0af8af17ac", "fields": {"title": "Announce cr\u00e9e", "body": "l`announce :Route bloqu\u00e9ea \u00e9t\u00e9 cr\u00e9e parService", "citoyen": null, "maire": "389d4b42-18ce-475f-ba86-ff7ad6c5567c", "service": null, "created_on": "2020-06-18T16:13:34.268Z"}}, {"model": "api.notification", "pk": "818029e2-ca93-484a-954d-a4c3c6b7fc90", "fields": {"title": "D\u00e9claration modifi\u00e9e", "body": "la d\u00e9claration \u062a\u0633\u0631\u0628 \u0644\u0644\u0645\u064a\u0627\u0647 a \u00e9t\u00e9 modifi\u00e9e et le statut actuel: not_validated", "citoyen": "2f42e54b-3da5-4c07-a3d6-6ce80622d1cb", "maire": "389d4b42-18ce-475f-ba86-ff7ad6c5567c", "service": null, "created_on": "2020-06-18T16:29:59.010Z"}}, {"model": "api.notification", "pk": "82af4975-5fb9-46a0-a277-d0064f1c15ee", "fields": {"title": "D\u00e9claration cr\u00e9e", "body": "La d\u00e9claration Fuite de gaz cr\u00e9e par Moncef", "citoyen": null, "maire": "389d4b42-18ce-475f-ba86-ff7ad6c5567c", "service": null, "created_on": "2020-06-18T15:24:24.130Z"}}, {"model": "api.notification", "pk": "83c7e40c-6e0e-4309-8428-a78e4274fba6", "fields": {"title": "D\u00e9claration cr\u00e9e", "body": "La d\u00e9claration \u0645\u0634\u0643\u0644 \u0646\u0638\u0627\u0641\u0629 cr\u00e9e par Moncef", "citoyen": null, "maire": "389d4b42-18ce-475f-ba86-ff7ad6c5567c", "service": null, "created_on": "2020-06-18T16:02:41.706Z"}}, {"model": "api.notification", "pk": "87327ee1-2eb1-4fba-8f0f-772ccec1b5b8", "fields": {"title": "D\u00e9claration modifi\u00e9e", "body": "la d\u00e9claration Absence d'\u00e9clairage publique a \u00e9t\u00e9 modifi\u00e9e et le statut actuel: not_validated", "citoyen": "2f42e54b-3da5-4c07-a3d6-6ce80622d1cb", "maire": "389d4b42-18ce-475f-ba86-ff7ad6c5567c", "service": null, "created_on": "2020-06-18T15:22:02.156Z"}}, {"model": "api.notification", "pk": "875d203c-2530-41e2-8afb-6523594d9e0f", "fields": {"title": "D\u00e9claration modifi\u00e9e", "body": "la d\u00e9claration Masse d'\u00e9lectricit\u00e9 a \u00e9t\u00e9 modifi\u00e9e et le statut actuel: validated", "citoyen": "027e7195-226d-49ff-8449-a77665df74ab", "maire": null, "service": "0db16320-1502-4440-882d-81aaee3d48d0", "created_on": "2020-06-17T15:42:28.930Z"}}, {"model": "api.notification", "pk": "8945b9d7-8321-46e7-9a37-8f58fb9a645a", "fields": {"title": "Demande de compl\u00e9ment", "body": "le rapport :Electricit\u00e9 restaur\u00e9e.a besoin de compl\u00e9ment a cause de :Attacher des fichiersparMadina tic", "citoyen": null, "maire": null, "service": "1afd3f1a-ff38-4dae-80bd-98d49c593a23", "created_on": "2020-06-18T15:11:27.462Z"}}, {"model": "api.notification", "pk": "8a6d4350-a93b-4283-83aa-936b1e126172", "fields": {"title": "D\u00e9claration cr\u00e9e", "body": "La d\u00e9claration problem de gaz cr\u00e9e par Djawed", "citoyen": null, "maire": "389d4b42-18ce-475f-ba86-ff7ad6c5567c", "service": null, "created_on": "2020-06-18T17:11:40.164Z"}}, {"model": "api.notification", "pk": "8cfe07bc-d341-4fc7-b420-da00b80ef7c4", "fields": {"title": "D\u00e9claration modifi\u00e9e", "body": "la d\u00e9claration Test declaration a \u00e9t\u00e9 modifi\u00e9e et le statut actuel: validated", "citoyen": "2f42e54b-3da5-4c07-a3d6-6ce80622d1cb", "maire": null, "service": "1afd3f1a-ff38-4dae-80bd-98d49c593a23", "created_on": "2020-06-16T13:17:44.911Z"}}, {"model": "api.notification", "pk": "8d679ce7-bf1f-457c-a46c-4ff11dc3224d", "fields": {"title": "D\u00e9claration modifi\u00e9e", "body": "la d\u00e9claration Route endommag\u00e9 a \u00e9t\u00e9 modifi\u00e9e et le statut actuel: validated", "citoyen": "027e7195-226d-49ff-8449-a77665df74ab", "maire": null, "service": "0db16320-1502-4440-882d-81aaee3d48d0", "created_on": "2020-06-17T15:44:11.806Z"}}, {"model": "api.notification", "pk": "8d8529e1-e080-4809-8107-e1ccc879ca53", "fields": {"title": "D\u00e9claration modifi\u00e9e", "body": "la d\u00e9claration Masse d'\u00e9lectricit\u00e9 a \u00e9t\u00e9 modifi\u00e9e et le statut actuel: validated", "citoyen": "027e7195-226d-49ff-8449-a77665df74ab", "maire": null, "service": "0db16320-1502-4440-882d-81aaee3d48d0", "created_on": "2020-06-18T17:39:40.835Z"}}, {"model": "api.notification", "pk": "8e0f19e2-551c-481a-a2ac-1390f223301f", "fields": {"title": "D\u00e9claration modifi\u00e9e", "body": "la d\u00e9claration Masse d'\u00e9lectricit\u00e9 a \u00e9t\u00e9 modifi\u00e9e et le statut actuel: validated", "citoyen": "027e7195-226d-49ff-8449-a77665df74ab", "maire": null, "service": "0db16320-1502-4440-882d-81aaee3d48d0", "created_on": "2020-06-17T15:15:29.670Z"}}, {"model": "api.notification", "pk": "9111a460-ccde-44a1-991a-af8459472d40", "fields": {"title": "D\u00e9claration modifi\u00e9e", "body": "la d\u00e9claration Probleme de gaz a \u00e9t\u00e9 modifi\u00e9e et le statut actuel: not_validated", "citoyen": "5b4433f6-b0cb-487d-91ff-3e583d477cd2", "maire": "389d4b42-18ce-475f-ba86-ff7ad6c5567c", "service": null, "created_on": "2020-06-18T16:46:08.151Z"}}, {"model": "api.notification", "pk": "925dbfd4-384f-4277-96e4-2adb80756624", "fields": {"title": "D\u00e9claration modifi\u00e9e", "body": "la d\u00e9claration Risque d'accident a \u00e9t\u00e9 modifi\u00e9e et le statut actuel: not_validated", "citoyen": "2f42e54b-3da5-4c07-a3d6-6ce80622d1cb", "maire": "389d4b42-18ce-475f-ba86-ff7ad6c5567c", "service": null, "created_on": "2020-06-18T13:01:47.014Z"}}, {"model": "api.notification", "pk": "927d2f59-f6ff-4481-832c-b21cb8450520", "fields": {"title": "D\u00e9claration cr\u00e9e", "body": "La d\u00e9claration Probl\u00e8me d'\u00e9lectricit\u00e9 cr\u00e9e par djawed", "citoyen": null, "maire": "389d4b42-18ce-475f-ba86-ff7ad6c5567c", "service": null, "created_on": "2020-06-16T16:32:28.546Z"}}, {"model": "api.notification", "pk": "942f2bc9-ca29-4cb4-884d-8d9f4cf69e9a", "fields": {"title": "Announce cr\u00e9e", "body": "l`announce :Concours d'emploia \u00e9t\u00e9 cr\u00e9e parService", "citoyen": null, "maire": "389d4b42-18ce-475f-ba86-ff7ad6c5567c", "service": null, "created_on": "2020-06-17T22:58:44.376Z"}}, {"model": "api.notification", "pk": "94c3a60f-73ca-4e5b-8107-aa29a49aa6c2", "fields": {"title": "D\u00e9claration modifi\u00e9e", "body": "la d\u00e9claration Probl\u00e8me de poubelle a \u00e9t\u00e9 modifi\u00e9e et le statut actuel: under_treatment", "citoyen": "2f42e54b-3da5-4c07-a3d6-6ce80622d1cb", "maire": "389d4b42-18ce-475f-ba86-ff7ad6c5567c", "service": null, "created_on": "2020-06-18T13:28:58.495Z"}}, {"model": "api.notification", "pk": "956c2961-03cd-4cb2-9f2f-f2f26b934dc5", "fields": {"title": "D\u00e9claration modifi\u00e9e", "body": "la d\u00e9claration Probl\u00e8me de poubelle a \u00e9t\u00e9 modifi\u00e9e et le statut actuel: not_validated", "citoyen": "2f42e54b-3da5-4c07-a3d6-6ce80622d1cb", "maire": "389d4b42-18ce-475f-ba86-ff7ad6c5567c", "service": null, "created_on": "2020-06-18T12:37:30.621Z"}}, {"model": "api.notification", "pk": "95cdfff0-6073-4535-9e53-8e27c5f51864", "fields": {"title": "D\u00e9claration modifi\u00e9e", "body": "la d\u00e9claration Masse d'\u00e9lectricit\u00e9 a \u00e9t\u00e9 modifi\u00e9e et le statut actuel: validated", "citoyen": "027e7195-226d-49ff-8449-a77665df74ab", "maire": null, "service": "0db16320-1502-4440-882d-81aaee3d48d0", "created_on": "2020-06-17T15:38:31.336Z"}}, {"model": "api.notification", "pk": "96f5e226-73cd-4916-8670-99e1e63260cd", "fields": {"title": "D\u00e9claration modifi\u00e9e", "body": "la d\u00e9claration Masse d'\u00e9lectricit\u00e9 a \u00e9t\u00e9 modifi\u00e9e et le statut actuel: validated", "citoyen": "027e7195-226d-49ff-8449-a77665df74ab", "maire": null, "service": "0db16320-1502-4440-882d-81aaee3d48d0", "created_on": "2020-06-17T15:45:29.527Z"}}, {"model": "api.notification", "pk": "9990f919-a5eb-4e9c-9adb-3a0aac2fde06", "fields": {"title": "D\u00e9claration modifi\u00e9e", "body": "la d\u00e9claration Probleme de gaz a \u00e9t\u00e9 modifi\u00e9e et le statut actuel: not_validated", "citoyen": "5b4433f6-b0cb-487d-91ff-3e583d477cd2", "maire": "389d4b42-18ce-475f-ba86-ff7ad6c5567c", "service": null, "created_on": "2020-06-18T16:27:03.270Z"}}, {"model": "api.notification", "pk": "9ca0936c-4a60-433a-ab6a-73a3726606ad", "fields": {"title": "D\u00e9claration modifi\u00e9e", "body": "la d\u00e9claration Route pav\u00e9e a \u00e9t\u00e9 modifi\u00e9e et le statut actuel: not_validated", "citoyen": "2f42e54b-3da5-4c07-a3d6-6ce80622d1cb", "maire": "389d4b42-18ce-475f-ba86-ff7ad6c5567c", "service": null, "created_on": "2020-06-27T17:18:36.273Z"}}, {"model": "api.notification", "pk": "9e995967-e903-47b2-8f98-b95f52eabc42", "fields": {"title": "D\u00e9claration cr\u00e9e", "body": "La d\u00e9claration Risque de masse d'\u00e9l\u00e9ctricit\u00e9 cr\u00e9e par Moncef", "citoyen": null, "maire": "389d4b42-18ce-475f-ba86-ff7ad6c5567c", "service": null, "created_on": "2020-06-18T01:25:10.716Z"}}, {"model": "api.notification", "pk": "9f15ec79-8d36-44b6-8a37-08aa22907ecc", "fields": {"title": "Demande de compl\u00e9ment", "body": "La d\u00e9claration : Fuit de gaz besoin de compl\u00e9ment d`apr\u00e9s le maire Madina ticet la raison c`est: need more informations in the description", "citoyen": "027e7195-226d-49ff-8449-a77665df74ab", "maire": null, "service": null, "created_on": "2020-06-17T15:25:03.967Z"}}, {"model": "api.notification", "pk": "a05af748-6b2c-4513-8b6f-86918eb3a117", "fields": {"title": "D\u00e9claration modifi\u00e9e", "body": "la d\u00e9claration Route endommag\u00e9 a \u00e9t\u00e9 modifi\u00e9e et le statut actuel: validated", "citoyen": "027e7195-226d-49ff-8449-a77665df74ab", "maire": null, "service": "0db16320-1502-4440-882d-81aaee3d48d0", "created_on": "2020-06-18T17:32:49.203Z"}}, {"model": "api.notification", "pk": "a1481cc2-6a2c-4711-8e99-59ac9388d394", "fields": {"title": "Rapport cr\u00e9e", "body": "le rapport :Probl\u00e8me reglu\u00e9a \u00e9t\u00e9 cr\u00e9e parService", "citoyen": null, "maire": "389d4b42-18ce-475f-ba86-ff7ad6c5567c", "service": null, "created_on": "2020-06-28T21:23:00.410Z"}}, {"model": "api.notification", "pk": "a1fbbffe-cb78-48ee-a25a-67edefbbf00f", "fields": {"title": "D\u00e9claration cr\u00e9e", "body": "La d\u00e9claration Probl\u00e8me de route cr\u00e9e par djawed", "citoyen": null, "maire": "389d4b42-18ce-475f-ba86-ff7ad6c5567c", "service": null, "created_on": "2020-06-16T17:27:46.157Z"}}, {"model": "api.notification", "pk": "a3af17fd-949d-400f-9006-8ecd809ce6b7", "fields": {"title": "D\u00e9claration modifi\u00e9e", "body": "la d\u00e9claration Probl\u00e8me d'\u00e9lectricit\u00e9 a \u00e9t\u00e9 modifi\u00e9e et le statut actuel: treated", "citoyen": "027e7195-226d-49ff-8449-a77665df74ab", "maire": "389d4b42-18ce-475f-ba86-ff7ad6c5567c", "service": null, "created_on": "2020-06-18T14:57:55.141Z"}}, {"model": "api.notification", "pk": "a4ce3a57-cb4a-49a2-b695-efc693050229", "fields": {"title": "D\u00e9claration modifi\u00e9e", "body": "la d\u00e9claration Route pav\u00e9 a \u00e9t\u00e9 modifi\u00e9e et le statut actuel: validated", "citoyen": "5b4433f6-b0cb-487d-91ff-3e583d477cd2", "maire": null, "service": "aa727866-0f71-4e96-9afe-f0ac2dfb89eb", "created_on": "2020-06-18T17:35:51.922Z"}}, {"model": "api.notification", "pk": "a57881fc-5961-4ea5-a2fd-191bef09ab3f", "fields": {"title": "D\u00e9claration modifi\u00e9e", "body": "la d\u00e9claration Probleme de gaz a \u00e9t\u00e9 modifi\u00e9e et le statut actuel: not_validated", "citoyen": "5b4433f6-b0cb-487d-91ff-3e583d477cd2", "maire": "389d4b42-18ce-475f-ba86-ff7ad6c5567c", "service": null, "created_on": "2020-06-18T17:23:34.596Z"}}, {"model": "api.notification", "pk": "a66fabd1-6e7f-4a70-b662-42333fe4627b", "fields": {"title": "Demande de compl\u00e9ment", "body": "l`announce :route bloqu\u00e9a besoin de compl\u00e9ment a cause de :besoin de photoparMadina tic", "citoyen": null, "maire": null, "service": "90994bb3-b7ef-4f17-8640-388299bfb349", "created_on": "2020-06-18T17:57:17.471Z"}}, {"model": "api.notification", "pk": "a6c6d321-ac5f-46fe-8d64-0d933c6810e9", "fields": {"title": "D\u00e9claration modifi\u00e9e", "body": "la d\u00e9claration Probl\u00e8me de poubelle a \u00e9t\u00e9 modifi\u00e9e et le statut actuel: not_validated", "citoyen": "2f42e54b-3da5-4c07-a3d6-6ce80622d1cb", "maire": "389d4b42-18ce-475f-ba86-ff7ad6c5567c", "service": null, "created_on": "2020-06-18T12:50:43.394Z"}}, {"model": "api.notification", "pk": "a6d89aaa-a64c-4141-98dd-4f6aa9a1f8cf", "fields": {"title": "D\u00e9claration cr\u00e9e", "body": "La d\u00e9claration \u062a\u0633\u0631\u0628 \u0644\u0644\u0645\u064a\u0627\u0647 cr\u00e9e par Moncef", "citoyen": null, "maire": "389d4b42-18ce-475f-ba86-ff7ad6c5567c", "service": null, "created_on": "2020-06-18T00:59:24.209Z"}}, {"model": "api.notification", "pk": "a8a4c709-ec39-4737-9c82-fda34dc9531a", "fields": {"title": "D\u00e9claration modifi\u00e9e", "body": "la d\u00e9claration Masse d'\u00e9lectricit\u00e9 a \u00e9t\u00e9 modifi\u00e9e et le statut actuel: validated", "citoyen": "027e7195-226d-49ff-8449-a77665df74ab", "maire": null, "service": "0db16320-1502-4440-882d-81aaee3d48d0", "created_on": "2020-06-18T00:54:22.468Z"}}, {"model": "api.notification", "pk": "a979da22-d2c0-4db0-8fad-7b85be77c02e", "fields": {"title": "D\u00e9claration modifi\u00e9e", "body": "la d\u00e9claration Test declaration a \u00e9t\u00e9 modifi\u00e9e et le statut actuel: treated", "citoyen": "2f42e54b-3da5-4c07-a3d6-6ce80622d1cb", "maire": "389d4b42-18ce-475f-ba86-ff7ad6c5567c", "service": null, "created_on": "2020-06-16T16:22:49.984Z"}}, {"model": "api.notification", "pk": "ab6d17ba-93c1-4d2a-8310-803ec7d9172e", "fields": {"title": "D\u00e9claration modifi\u00e9e", "body": "la d\u00e9claration Masse d'\u00e9lectricit\u00e9 a \u00e9t\u00e9 modifi\u00e9e et le statut actuel: validated", "citoyen": "027e7195-226d-49ff-8449-a77665df74ab", "maire": null, "service": "0db16320-1502-4440-882d-81aaee3d48d0", "created_on": "2020-06-18T17:32:36.467Z"}}, {"model": "api.notification", "pk": "ac4f87e4-bba6-4530-96e2-b172d8a10db6", "fields": {"title": "D\u00e9claration cr\u00e9e", "body": "La d\u00e9claration Test declaration cr\u00e9e par Moncef", "citoyen": null, "maire": "389d4b42-18ce-475f-ba86-ff7ad6c5567c", "service": null, "created_on": "2020-06-16T13:17:12.984Z"}}, {"model": "api.notification", "pk": "acd0e83c-9842-459d-9173-559f5a471774", "fields": {"title": "Demande de compl\u00e9ment", "body": "La d\u00e9claration : Risque de masse d'\u00e9l\u00e9ctricit\u00e9 besoin de compl\u00e9ment d`apr\u00e9s le maire Madina ticet la raison c`est: test", "citoyen": "2f42e54b-3da5-4c07-a3d6-6ce80622d1cb", "maire": null, "service": null, "created_on": "2020-06-18T17:45:25.276Z"}}, {"model": "api.notification", "pk": "ae4b255a-cb36-476b-b02b-178659b21bbc", "fields": {"title": "Rapport cr\u00e9e", "body": "le rapport :Probl\u00e8me reglu\u00e9a \u00e9t\u00e9 cr\u00e9e parService", "citoyen": null, "maire": "389d4b42-18ce-475f-ba86-ff7ad6c5567c", "service": null, "created_on": "2020-06-28T21:36:51.926Z"}}, {"model": "api.notification", "pk": "ae6444d3-c92f-4c4e-b7ab-6f38cfd73b1b", "fields": {"title": "D\u00e9claration cr\u00e9e", "body": "La d\u00e9claration Une Fuite de gaz cr\u00e9e par Moncef", "citoyen": null, "maire": "389d4b42-18ce-475f-ba86-ff7ad6c5567c", "service": null, "created_on": "2020-06-18T15:23:37.092Z"}}, {"model": "api.notification", "pk": "b01c732d-145b-43dc-b1ce-23ffb92161df", "fields": {"title": "D\u00e9claration modifi\u00e9e", "body": "la d\u00e9claration problem de gaz a \u00e9t\u00e9 modifi\u00e9e et le statut actuel: under_treatment", "citoyen": "48a0ed8d-85e1-44e2-8485-9e3c77b76feb", "maire": "389d4b42-18ce-475f-ba86-ff7ad6c5567c", "service": null, "created_on": "2020-06-18T17:50:03.870Z"}}, {"model": "api.notification", "pk": "b30c0d87-6e1d-4157-902b-da6bf5dfd935", "fields": {"title": "D\u00e9claration modifi\u00e9e", "body": "la d\u00e9claration Probl\u00e8me de nettoyage a \u00e9t\u00e9 modifi\u00e9e et le statut actuel: validated", "citoyen": "2f42e54b-3da5-4c07-a3d6-6ce80622d1cb", "maire": null, "service": "1afd3f1a-ff38-4dae-80bd-98d49c593a23", "created_on": "2020-06-18T17:45:36.567Z"}}, {"model": "api.notification", "pk": "b4ccc25a-1717-4449-8e3e-01ee9b492c78", "fields": {"title": "Announce cr\u00e9e", "body": "l`announce :Concours d'emploia \u00e9t\u00e9 cr\u00e9e parService", "citoyen": null, "maire": "389d4b42-18ce-475f-ba86-ff7ad6c5567c", "service": null, "created_on": "2020-06-17T22:59:42.834Z"}}, {"model": "api.notification", "pk": "b86037f8-53b4-4cbf-a86e-72855b60ffae", "fields": {"title": "D\u00e9claration modifi\u00e9e", "body": "la d\u00e9claration Route pav\u00e9 a \u00e9t\u00e9 modifi\u00e9e et le statut actuel: not_validated", "citoyen": "5b4433f6-b0cb-487d-91ff-3e583d477cd2", "maire": "389d4b42-18ce-475f-ba86-ff7ad6c5567c", "service": null, "created_on": "2020-06-17T15:35:11.213Z"}}, {"model": "api.notification", "pk": "b8b018e3-84fe-4269-a07a-4e6481bb721e", "fields": {"title": "D\u00e9claration cr\u00e9e", "body": "La d\u00e9claration Panne d'\u00e9lectricit\u00e9 cr\u00e9e par djawed", "citoyen": null, "maire": "389d4b42-18ce-475f-ba86-ff7ad6c5567c", "service": null, "created_on": "2020-06-16T17:23:12.153Z"}}, {"model": "api.notification", "pk": "bb9510c3-6ba9-436c-a022-eefe7106026c", "fields": {"title": "D\u00e9claration modifi\u00e9e", "body": "la d\u00e9claration Masse d'\u00e9lectricit\u00e9 a \u00e9t\u00e9 modifi\u00e9e et le statut actuel: validated", "citoyen": "027e7195-226d-49ff-8449-a77665df74ab", "maire": null, "service": "0db16320-1502-4440-882d-81aaee3d48d0", "created_on": "2020-06-17T15:38:32.533Z"}}, {"model": "api.notification", "pk": "bc70e77e-eeab-4975-8c1a-07bdce3ef739", "fields": {"title": "Demande de compl\u00e9ment", "body": "La d\u00e9claration : Route pav\u00e9 besoin de compl\u00e9ment d`apr\u00e9s le maire Madina ticet la raison c`est: give me data", "citoyen": "5b4433f6-b0cb-487d-91ff-3e583d477cd2", "maire": null, "service": null, "created_on": "2020-06-17T15:45:02.063Z"}}, {"model": "api.notification", "pk": "be216aac-8e49-43c6-8d5e-de327ec54a4b", "fields": {"title": "D\u00e9claration modifi\u00e9e", "body": "la d\u00e9claration Probl\u00e8me d'\u00e9lectricit\u00e9 a \u00e9t\u00e9 modifi\u00e9e et le statut actuel: under_treatment", "citoyen": "027e7195-226d-49ff-8449-a77665df74ab", "maire": "389d4b42-18ce-475f-ba86-ff7ad6c5567c", "service": null, "created_on": "2020-06-17T15:46:25.904Z"}}, {"model": "api.notification", "pk": "be5dea16-c143-4909-a3bd-963e8bcd893a", "fields": {"title": "D\u00e9claration modifi\u00e9e", "body": "la d\u00e9claration Probl\u00e8me d'\u00e9lectricit\u00e9 a \u00e9t\u00e9 modifi\u00e9e et le statut actuel: treated", "citoyen": "027e7195-226d-49ff-8449-a77665df74ab", "maire": "389d4b42-18ce-475f-ba86-ff7ad6c5567c", "service": null, "created_on": "2020-06-17T15:50:47.411Z"}}, {"model": "api.notification", "pk": "c0d1eb5f-5530-4463-b3b4-691721915a0b", "fields": {"title": "D\u00e9claration modifi\u00e9e", "body": "la d\u00e9claration Fuite de gaz a \u00e9t\u00e9 modifi\u00e9e et le statut actuel: not_validated", "citoyen": "2f42e54b-3da5-4c07-a3d6-6ce80622d1cb", "maire": "389d4b42-18ce-475f-ba86-ff7ad6c5567c", "service": null, "created_on": "2020-06-18T15:55:59.014Z"}}, {"model": "api.notification", "pk": "c0fb88fc-26cd-40fa-9f47-5570e16b8fae", "fields": {"title": "D\u00e9claration cr\u00e9e", "body": "La d\u00e9claration Probl\u00e8me de gaz cr\u00e9e par djawed", "citoyen": null, "maire": "389d4b42-18ce-475f-ba86-ff7ad6c5567c", "service": null, "created_on": "2020-06-16T17:00:00.026Z"}}, {"model": "api.notification", "pk": "c20b850e-f1ac-4c94-936d-349d64efc180", "fields": {"title": "D\u00e9claration modifi\u00e9e", "body": "la d\u00e9claration Probl\u00e8me d'\u00e9lectricit\u00e9 a \u00e9t\u00e9 modifi\u00e9e et le statut actuel: treated", "citoyen": "027e7195-226d-49ff-8449-a77665df74ab", "maire": "389d4b42-18ce-475f-ba86-ff7ad6c5567c", "service": null, "created_on": "2020-06-18T15:02:10.911Z"}}, {"model": "api.notification", "pk": "c31f5f85-5c2f-40e4-9d81-85297cd2dd6a", "fields": {"title": "D\u00e9claration modifi\u00e9e", "body": "la d\u00e9claration Probl\u00e8me de poubelle a \u00e9t\u00e9 modifi\u00e9e et le statut actuel: not_validated", "citoyen": "2f42e54b-3da5-4c07-a3d6-6ce80622d1cb", "maire": "389d4b42-18ce-475f-ba86-ff7ad6c5567c", "service": null, "created_on": "2020-06-18T12:46:18.940Z"}}, {"model": "api.notification", "pk": "c34e7fb7-cde9-4434-8e48-f5d9484ff5d1", "fields": {"title": "Rejection", "body": "La d\u00e9claration : Possibilit\u00e9 de fuit de gaz a \u00e9t\u00e9 rejet\u00e9 par Madina ticet la raison c`est: no need", "citoyen": "027e7195-226d-49ff-8449-a77665df74ab", "maire": null, "service": null, "created_on": "2020-06-17T15:45:10.433Z"}}, {"model": "api.notification", "pk": "c8c1fc4f-d1f4-4b64-a4b8-eeaa775c1e3e", "fields": {"title": "D\u00e9claration modifi\u00e9e", "body": "la d\u00e9claration Possibilit\u00e9 de fuit de gaz a \u00e9t\u00e9 modifi\u00e9e et le statut actuel: not_validated", "citoyen": "027e7195-226d-49ff-8449-a77665df74ab", "maire": "389d4b42-18ce-475f-ba86-ff7ad6c5567c", "service": null, "created_on": "2020-06-18T02:09:11.407Z"}}, {"model": "api.notification", "pk": "ca71def6-7e23-4ab2-a5e9-a2534ca06a73", "fields": {"title": "Demande de compl\u00e9ment", "body": "l`announce :Route bloqu\u00e9ea besoin de compl\u00e9ment a cause de :kkkkparMadina tic", "citoyen": null, "maire": null, "service": "1afd3f1a-ff38-4dae-80bd-98d49c593a23", "created_on": "2020-06-17T15:41:10.784Z"}}, {"model": "api.notification", "pk": "cf5e0a4a-a4a0-412a-95af-8a8ae3966ec7", "fields": {"title": "D\u00e9claration cr\u00e9e", "body": "La d\u00e9claration Probleme de gaz cr\u00e9e par Abdelwahed", "citoyen": null, "maire": "389d4b42-18ce-475f-ba86-ff7ad6c5567c", "service": null, "created_on": "2020-06-18T16:45:46.578Z"}}, {"model": "api.notification", "pk": "d01e7f0b-fb68-4edf-94c0-bee7d520f99c", "fields": {"title": "D\u00e9claration modifi\u00e9e", "body": "la d\u00e9claration Probl\u00e8me de poubelle a \u00e9t\u00e9 modifi\u00e9e et le statut actuel: validated", "citoyen": "2f42e54b-3da5-4c07-a3d6-6ce80622d1cb", "maire": null, "service": "90994bb3-b7ef-4f17-8640-388299bfb349", "created_on": "2020-06-18T12:55:26.286Z"}}, {"model": "api.notification", "pk": "d141483f-f0d7-46f6-9e37-2805a404ad34", "fields": {"title": "D\u00e9claration cr\u00e9e", "body": "La d\u00e9claration Probl\u00e8me d'\u00e9lectricit\u00e9 cr\u00e9e par djawed", "citoyen": null, "maire": "389d4b42-18ce-475f-ba86-ff7ad6c5567c", "service": null, "created_on": "2020-06-16T17:43:31.953Z"}}, {"model": "api.notification", "pk": "d319643e-bc28-43db-a128-51d54de7451d", "fields": {"title": "Announce cr\u00e9e", "body": "l`announce :route bloqu\u00e9a \u00e9t\u00e9 cr\u00e9e parAdministration", "citoyen": null, "maire": "389d4b42-18ce-475f-ba86-ff7ad6c5567c", "service": null, "created_on": "2020-06-18T17:55:24.834Z"}}, {"model": "api.notification", "pk": "d34c9d58-1a85-4d55-bb32-2417a0e62309", "fields": {"title": "D\u00e9claration modifi\u00e9e", "body": "la d\u00e9claration Poubelle partout a \u00e9t\u00e9 modifi\u00e9e et le statut actuel: not_validated", "citoyen": "2f42e54b-3da5-4c07-a3d6-6ce80622d1cb", "maire": "389d4b42-18ce-475f-ba86-ff7ad6c5567c", "service": null, "created_on": "2020-06-18T14:16:44.992Z"}}, {"model": "api.notification", "pk": "d3dcdf1f-ff6e-491a-a2a4-7a564e7c6bd0", "fields": {"title": "D\u00e9claration modifi\u00e9e", "body": "la d\u00e9claration Probl\u00e8me de route a \u00e9t\u00e9 modifi\u00e9e et le statut actuel: validated", "citoyen": "027e7195-226d-49ff-8449-a77665df74ab", "maire": null, "service": "aa727866-0f71-4e96-9afe-f0ac2dfb89eb", "created_on": "2020-06-17T15:13:34.070Z"}}, {"model": "api.notification", "pk": "d3e94eb3-9fd3-4459-9a3a-63309ebefd3d", "fields": {"title": "D\u00e9claration cr\u00e9e", "body": "La d\u00e9claration Route pav\u00e9 cr\u00e9e par djawed", "citoyen": null, "maire": "389d4b42-18ce-475f-ba86-ff7ad6c5567c", "service": null, "created_on": "2020-06-16T16:24:49.114Z"}}, {"model": "api.notification", "pk": "d4ca1908-8d42-4fdd-a85f-41dca45d5eea", "fields": {"title": "D\u00e9claration cr\u00e9e", "body": "La d\u00e9claration Probl\u00e8me de poubelle cr\u00e9e par Moncef", "citoyen": null, "maire": "389d4b42-18ce-475f-ba86-ff7ad6c5567c", "service": null, "created_on": "2020-06-17T17:38:19.473Z"}}, {"model": "api.notification", "pk": "d533fc34-16c9-445d-80ff-72a3cb863c3e", "fields": {"title": "D\u00e9claration modifi\u00e9e", "body": "la d\u00e9claration Probl\u00e8me de poubelle a \u00e9t\u00e9 modifi\u00e9e et le statut actuel: not_validated", "citoyen": "2f42e54b-3da5-4c07-a3d6-6ce80622d1cb", "maire": "389d4b42-18ce-475f-ba86-ff7ad6c5567c", "service": null, "created_on": "2020-06-18T12:41:56.996Z"}}, {"model": "api.notification", "pk": "d6605300-c28c-483e-9f72-15cccd448372", "fields": {"title": "D\u00e9claration modifi\u00e9e", "body": "la d\u00e9claration Probl\u00e8me de gaz a \u00e9t\u00e9 modifi\u00e9e et le statut actuel: validated", "citoyen": "027e7195-226d-49ff-8449-a77665df74ab", "maire": null, "service": "aa727866-0f71-4e96-9afe-f0ac2dfb89eb", "created_on": "2020-06-17T15:44:40.103Z"}}, {"model": "api.notification", "pk": "da14d815-a85e-44a3-9f18-5003214a6e78", "fields": {"title": "D\u00e9claration modifi\u00e9e", "body": "la d\u00e9claration Probl\u00e8me de poubelle a \u00e9t\u00e9 modifi\u00e9e et le statut actuel: not_validated", "citoyen": "2f42e54b-3da5-4c07-a3d6-6ce80622d1cb", "maire": "389d4b42-18ce-475f-ba86-ff7ad6c5567c", "service": null, "created_on": "2020-06-18T12:49:56.072Z"}}, {"model": "api.notification", "pk": "dd28b07a-5a2b-4538-a6a9-98d4676e091e", "fields": {"title": "D\u00e9claration cr\u00e9e", "body": "La d\u00e9claration Absence d'\u00e9clairage publique cr\u00e9e par Moncef", "citoyen": null, "maire": "389d4b42-18ce-475f-ba86-ff7ad6c5567c", "service": null, "created_on": "2020-06-18T01:31:25.866Z"}}, {"model": "api.notification", "pk": "def50065-a054-4ccc-9a18-2b64fede8a5f", "fields": {"title": "D\u00e9claration modifi\u00e9e", "body": "la d\u00e9claration Test declaration a \u00e9t\u00e9 modifi\u00e9e et le statut actuel: validated", "citoyen": "2f42e54b-3da5-4c07-a3d6-6ce80622d1cb", "maire": null, "service": "1afd3f1a-ff38-4dae-80bd-98d49c593a23", "created_on": "2020-06-16T13:08:29.998Z"}}, {"model": "api.notification", "pk": "e15884c2-7724-464d-b68f-ba13f4d781cc", "fields": {"title": "D\u00e9claration modifi\u00e9e", "body": "la d\u00e9claration Poubelle partout a \u00e9t\u00e9 modifi\u00e9e et le statut actuel: treated", "citoyen": "2f42e54b-3da5-4c07-a3d6-6ce80622d1cb", "maire": "389d4b42-18ce-475f-ba86-ff7ad6c5567c", "service": null, "created_on": "2020-06-18T17:48:09.576Z"}}, {"model": "api.notification", "pk": "e2f87398-b98e-4ee3-a5ea-4eac2780fc72", "fields": {"title": "D\u00e9claration modifi\u00e9e", "body": "la d\u00e9claration Panne d'\u00e9lectricit\u00e9 a \u00e9t\u00e9 modifi\u00e9e et le statut actuel: under_treatment", "citoyen": "027e7195-226d-49ff-8449-a77665df74ab", "maire": "389d4b42-18ce-475f-ba86-ff7ad6c5567c", "service": null, "created_on": "2020-06-18T14:40:42.670Z"}}, {"model": "api.notification", "pk": "e7a32878-29e7-402a-9886-fe8681e33361", "fields": {"title": "D\u00e9claration modifi\u00e9e", "body": "la d\u00e9claration Route pav\u00e9 a \u00e9t\u00e9 modifi\u00e9e et le statut actuel: not_validated", "citoyen": "5b4433f6-b0cb-487d-91ff-3e583d477cd2", "maire": "389d4b42-18ce-475f-ba86-ff7ad6c5567c", "service": null, "created_on": "2020-06-18T02:12:02.209Z"}}, {"model": "api.notification", "pk": "ea404b87-f7c3-4db1-8a2f-5c4a3816e68e", "fields": {"title": "D\u00e9claration cr\u00e9e", "body": "La d\u00e9claration Route pav\u00e9e cr\u00e9e par Moncef", "citoyen": null, "maire": "389d4b42-18ce-475f-ba86-ff7ad6c5567c", "service": null, "created_on": "2020-06-27T16:51:33.082Z"}}, {"model": "api.notification", "pk": "eaa5daf7-d5c9-42f7-b615-6b5d77244926", "fields": {"title": "D\u00e9claration modifi\u00e9e", "body": "la d\u00e9claration Route endommag\u00e9 a \u00e9t\u00e9 modifi\u00e9e et le statut actuel: validated", "citoyen": "027e7195-226d-49ff-8449-a77665df74ab", "maire": null, "service": "0db16320-1502-4440-882d-81aaee3d48d0", "created_on": "2020-06-18T17:32:37.019Z"}}, {"model": "api.notification", "pk": "effd3023-8581-4aef-97eb-447c0538fc8d", "fields": {"title": "Announce cr\u00e9e", "body": "l`announce :route bloqu\u00e9a \u00e9t\u00e9 cr\u00e9e parAdministration", "citoyen": null, "maire": "389d4b42-18ce-475f-ba86-ff7ad6c5567c", "service": null, "created_on": "2020-06-18T17:55:31.400Z"}}, {"model": "api.notification", "pk": "f6d32e23-aaab-4a3b-a2dd-d186c83f58d1", "fields": {"title": "D\u00e9claration modifi\u00e9e", "body": "la d\u00e9claration Probl\u00e8me d'\u00e9lectricit\u00e9 a \u00e9t\u00e9 modifi\u00e9e et le statut actuel: validated", "citoyen": "027e7195-226d-49ff-8449-a77665df74ab", "maire": null, "service": "1afd3f1a-ff38-4dae-80bd-98d49c593a23", "created_on": "2020-06-17T15:46:33.607Z"}}, {"model": "api.notification", "pk": "f703b98f-0437-412f-bb2f-d0bab9ebfd00", "fields": {"title": "D\u00e9claration modifi\u00e9e", "body": "la d\u00e9claration problem de poubelles a \u00e9t\u00e9 modifi\u00e9e et le statut actuel: draft", "citoyen": "027e7195-226d-49ff-8449-a77665df74ab", "maire": "389d4b42-18ce-475f-ba86-ff7ad6c5567c", "service": null, "created_on": "2020-06-25T09:48:12.800Z"}}, {"model": "api.notification", "pk": "f7d2e7a4-a2f2-46d6-bc3b-d2a3651f3816", "fields": {"title": "D\u00e9claration modifi\u00e9e", "body": "la d\u00e9claration Route endommag\u00e9 a \u00e9t\u00e9 modifi\u00e9e et le statut actuel: validated", "citoyen": "027e7195-226d-49ff-8449-a77665df74ab", "maire": null, "service": "0db16320-1502-4440-882d-81aaee3d48d0", "created_on": "2020-06-18T17:32:22.998Z"}}, {"model": "api.notification", "pk": "fb55358a-b3ea-4438-abeb-fe5cc31ec946", "fields": {"title": "D\u00e9claration cr\u00e9e", "body": "La d\u00e9claration Une route cass\u00e9e cr\u00e9e par Abdelwahed", "citoyen": null, "maire": "389d4b42-18ce-475f-ba86-ff7ad6c5567c", "service": null, "created_on": "2020-06-18T14:52:56.835Z"}}, {"model": "api.notification", "pk": "fba85f6a-5a62-41f1-9935-89eb2f7cd974", "fields": {"title": "Rapport cr\u00e9e", "body": "le rapport :Probl\u00e8me reglu\u00e9a \u00e9t\u00e9 cr\u00e9e parService", "citoyen": null, "maire": "389d4b42-18ce-475f-ba86-ff7ad6c5567c", "service": null, "created_on": "2020-06-28T21:16:20.794Z"}}, {"model": "api.notification", "pk": "fcc96d0b-df52-4142-a48b-3034ca3203fe", "fields": {"title": "Rejection", "body": "La d\u00e9claration : Risque d'accident a \u00e9t\u00e9 rejet\u00e9 par Madina ticet la raison c`est: cant fix the prob", "citoyen": "2f42e54b-3da5-4c07-a3d6-6ce80622d1cb", "maire": null, "service": null, "created_on": "2020-06-18T13:36:40.059Z"}}, {"model": "api.feedback", "pk": "23ec8a0c-9c74-4b9a-bbcc-37110d8c0253", "fields": {"sender_first_name": "Oussama", "sender_last_name": "Messabih", "sender_email": "oussamamessabih02@gmail.com", "subject": "TTTTTTTTTTttest", "message": "TTTTTTTTTTTTTTTTTTTTTest"}}, {"model": "api.feedback", "pk": "70f8e1f3-5de6-4020-b0f0-2abc1db5a270", "fields": {"sender_first_name": "Moncef", "sender_last_name": "Reggam", "sender_email": "reggammoncef@gmail.com", "subject": "Probl\u00e8me de connexion", "message": "Bonjour, J'ai inscris depuis 3 jours et mon compte n'est pas encore approuv\u00e9."}}, {"model": "api.feedback", "pk": "8ea93dc7-6c3f-4dd0-96c4-0af0851ddf30", "fields": {"sender_first_name": "abdelwahed", "sender_last_name": "madani", "sender_email": "wahidmadano@gmail.com", "subject": "test teste", "message": "un test de problem"}}, {"model": "api.feedback", "pk": "a6f22246-2890-4a28-b398-2164b44f60d0", "fields": {"sender_first_name": "wahid", "sender_last_name": "wahid", "sender_email": "wahidmadano@gmail.com", "subject": "feedback", "message": "test"}}, {"model": "api.feedback", "pk": "c276987c-33b4-45dc-8065-529e37f8515d", "fields": {"sender_first_name": "Oussama", "sender_last_name": "Messabih", "sender_email": "oussamamessabih02@gmail.com", "subject": "testdfss", "message": "testestslkdjflkds lksdjf"}}, {"model": "api.feedback", "pk": "dc46efdc-f174-4b31-bd8b-d2745a673c6e", "fields": {"sender_first_name": "wahid", "sender_last_name": "wahid", "sender_email": "wahidmadano@gmail.com", "subject": "teste", "message": "teste teste teste"}}, {"model": "account.emailaddress", "pk": 1, "fields": {"user": "027e7195-226d-49ff-8449-a77665df74ab", "email": "roiacult27@gmail.com", "verified": false, "primary": true}}, {"model": "account.emailaddress", "pk": 2, "fields": {"user": "2f42e54b-3da5-4c07-a3d6-6ce80622d1cb", "email": "m.reggam@esi-sba.dz", "verified": false, "primary": true}}, {"model": "account.emailaddress", "pk": 4, "fields": {"user": "5b4433f6-b0cb-487d-91ff-3e583d477cd2", "email": "a.madaniyousfi@esi-sba.dz", "verified": false, "primary": true}}, {"model": "account.emailaddress", "pk": 12, "fields": {"user": "48a0ed8d-85e1-44e2-8485-9e3c77b76feb", "email": "d.benahmed@esi-sba.dz", "verified": false, "primary": true}}, {"model": "account.emailaddress", "pk": 13, "fields": {"user": "959978d6-2e29-47fc-9ed2-4692ebf1635a", "email": "wahidmadano@gmail.com", "verified": false, "primary": true}}, {"model": "authtoken.token", "pk": "086df1953523edd4f17c44c9ee3060cb5433ac0a", "fields": {"user": "1afd3f1a-ff38-4dae-80bd-98d49c593a23", "created": "2020-06-16T09:39:48.505Z"}}, {"model": "authtoken.token", "pk": "08999a5b42d25b81a14e25eed33f82b7bf4e1516", "fields": {"user": "2f42e54b-3da5-4c07-a3d6-6ce80622d1cb", "created": "2020-06-27T18:49:42.022Z"}}, {"model": "authtoken.token", "pk": "30676b13c1a7f76f25a2a08b15da8c880d320ff1", "fields": {"user": "90994bb3-b7ef-4f17-8640-388299bfb349", "created": "2020-06-18T13:18:14.659Z"}}, {"model": "authtoken.token", "pk": "351f31c74d78cb7832617a83e89674f56f2a45c2", "fields": {"user": "5b4433f6-b0cb-487d-91ff-3e583d477cd2", "created": "2020-06-18T17:19:42.634Z"}}, {"model": "authtoken.token", "pk": "6874cd7079c9da501397f7b702483c090ffea2a1", "fields": {"user": "027e7195-226d-49ff-8449-a77665df74ab", "created": "2020-06-16T09:55:14.562Z"}}, {"model": "authtoken.token", "pk": "aa8253f26c8f6edc4c8ed5d89c8f2d168c15ede9", "fields": {"user": "959978d6-2e29-47fc-9ed2-4692ebf1635a", "created": "2020-06-18T17:16:28.821Z"}}, {"model": "authtoken.token", "pk": "dd5db34dab655458fe4004c4019fa16d72574ecb", "fields": {"user": "48a0ed8d-85e1-44e2-8485-9e3c77b76feb", "created": "2020-06-18T17:04:27.501Z"}}, {"model": "authtoken.token", "pk": "e772538ba539e7e303b9d3d3d209c2d3fc096f2a", "fields": {"user": "389d4b42-18ce-475f-ba86-ff7ad6c5567c", "created": "2020-06-16T09:59:31.931Z"}}, {"model": "authtoken.token", "pk": "fd4c6b0d5bdcc4ea8c1e7b4f37d69aef248aaeab", "fields": {"user": "9c911ee9-10a7-451c-bcc9-0c55ea6c99c4", "created": "2020-06-16T09:22:17.973Z"}}, {"model": "admin.logentry", "pk": 1, "fields": {"action_time": "2020-06-16T09:19:23.632Z", "user": "9c911ee9-10a7-451c-bcc9-0c55ea6c99c4", "content_type": 6, "object_id": "1", "object_repr": "madina-tic.ml", "action_flag": 2, "change_message": "[{\"changed\": {\"fields\": [\"Domain name\", \"Display name\"]}}]"}}, {"model": "admin.logentry", "pk": 2, "fields": {"action_time": "2020-06-16T09:27:24.336Z", "user": "9c911ee9-10a7-451c-bcc9-0c55ea6c99c4", "content_type": 8, "object_id": "9c911ee9-10a7-451c-bcc9-0c55ea6c99c4", "object_repr": "9c911ee9-10a7-451c-bcc9-0c55ea6c99c4 - Admin -  - admin@madina-tic.dz", "action_flag": 2, "change_message": "[{\"changed\": {\"fields\": [\"Groups\", \"Phone\", \"Role\", \"Address\"]}}]"}}, {"model": "admin.logentry", "pk": 3, "fields": {"action_time": "2020-06-16T13:16:48.401Z", "user": "9c911ee9-10a7-451c-bcc9-0c55ea6c99c4", "content_type": 10, "object_id": "a4e4cd7d-391b-41ae-b8ce-14dff0e11dca", "object_repr": "a4e4cd7d-391b-41ae-b8ce-14dff0e11dca - Test declaration - 2020-06-16 13:01:28.047673+00:00", "action_flag": 3, "change_message": ""}}, {"model": "admin.logentry", "pk": 4, "fields": {"action_time": "2020-06-16T16:17:36.446Z", "user": "9c911ee9-10a7-451c-bcc9-0c55ea6c99c4", "content_type": 13, "object_id": "68bf6ff2-071c-433a-8f81-afdfd5e67473", "object_repr": "68bf6ff2-071c-433a-8f81-afdfd5e67473 - dsqdqsdqsd - 2020-06-16 16:17:05.499967+00:00", "action_flag": 3, "change_message": ""}}, {"model": "admin.logentry", "pk": 5, "fields": {"action_time": "2020-06-16T16:23:31.742Z", "user": "9c911ee9-10a7-451c-bcc9-0c55ea6c99c4", "content_type": 10, "object_id": "4e611ba5-8431-42ba-93e0-7ef87b1057f5", "object_repr": "4e611ba5-8431-42ba-93e0-7ef87b1057f5 - Test declaration - 2020-06-16 13:17:12.406287+00:00", "action_flag": 3, "change_message": ""}}, {"model": "admin.logentry", "pk": 6, "fields": {"action_time": "2020-06-16T16:23:31.745Z", "user": "9c911ee9-10a7-451c-bcc9-0c55ea6c99c4", "content_type": 10, "object_id": "19bb4c9f-235c-4485-9cb0-822be5a7dbcd", "object_repr": "19bb4c9f-235c-4485-9cb0-822be5a7dbcd - Feu de circulation en panne - 2020-06-16 13:41:26.977843+00:00", "action_flag": 3, "change_message": ""}}, {"model": "admin.logentry", "pk": 7, "fields": {"action_time": "2020-06-16T16:23:56.106Z", "user": "9c911ee9-10a7-451c-bcc9-0c55ea6c99c4", "content_type": 8, "object_id": "5d5b34e5-a662-40d9-a48e-1f158a5c9fd1", "object_repr": "5d5b34e5-a662-40d9-a48e-1f158a5c9fd1 - Maire -  - reggammoncef@gmail.com", "action_flag": 3, "change_message": ""}}, {"model": "admin.logentry", "pk": 8, "fields": {"action_time": "2020-06-17T16:00:37.486Z", "user": "9c911ee9-10a7-451c-bcc9-0c55ea6c99c4", "content_type": 9, "object_id": "bb6c3078-53fc-4dd7-8ba3-1f964a6a764b", "object_repr": "bb6c3078-53fc-4dd7-8ba3-1f964a6a764b - Route bloqu\u00e9e - 2020-06-17 15:39:20.568887+00:00", "action_flag": 2, "change_message": "[{\"changed\": {\"fields\": [\"Status\"]}}]"}}, {"model": "admin.logentry", "pk": 9, "fields": {"action_time": "2020-06-17T16:01:49.113Z", "user": "9c911ee9-10a7-451c-bcc9-0c55ea6c99c4", "content_type": 9, "object_id": "bb6c3078-53fc-4dd7-8ba3-1f964a6a764b", "object_repr": "bb6c3078-53fc-4dd7-8ba3-1f964a6a764b - Route bloqu\u00e9e - 2020-06-17 15:39:20.568887+00:00", "action_flag": 2, "change_message": "[{\"changed\": {\"fields\": [\"Start at\"]}}]"}}, {"model": "admin.logentry", "pk": 10, "fields": {"action_time": "2020-06-17T16:21:40.365Z", "user": "9c911ee9-10a7-451c-bcc9-0c55ea6c99c4", "content_type": 9, "object_id": "bb6c3078-53fc-4dd7-8ba3-1f964a6a764b", "object_repr": "bb6c3078-53fc-4dd7-8ba3-1f964a6a764b - Route bloqu\u00e9e - 2020-06-17 15:39:20.568887+00:00", "action_flag": 2, "change_message": "[{\"changed\": {\"fields\": [\"End at\"]}}]"}}, {"model": "admin.logentry", "pk": 11, "fields": {"action_time": "2020-06-17T16:26:06.592Z", "user": "9c911ee9-10a7-451c-bcc9-0c55ea6c99c4", "content_type": 9, "object_id": "bb6c3078-53fc-4dd7-8ba3-1f964a6a764b", "object_repr": "bb6c3078-53fc-4dd7-8ba3-1f964a6a764b - Route bloqu\u00e9e - 2020-06-17 15:39:20.568887+00:00", "action_flag": 2, "change_message": "[{\"changed\": {\"fields\": [\"End at\"]}}]"}}, {"model": "admin.logentry", "pk": 12, "fields": {"action_time": "2020-06-17T16:26:56.137Z", "user": "9c911ee9-10a7-451c-bcc9-0c55ea6c99c4", "content_type": 9, "object_id": "bb6c3078-53fc-4dd7-8ba3-1f964a6a764b", "object_repr": "bb6c3078-53fc-4dd7-8ba3-1f964a6a764b - Route bloqu\u00e9e - 2020-06-17 15:39:20.568887+00:00", "action_flag": 2, "change_message": "[{\"changed\": {\"fields\": [\"End at\"]}}]"}}, {"model": "admin.logentry", "pk": 13, "fields": {"action_time": "2020-06-17T16:27:29.506Z", "user": "9c911ee9-10a7-451c-bcc9-0c55ea6c99c4", "content_type": 9, "object_id": "bb6c3078-53fc-4dd7-8ba3-1f964a6a764b", "object_repr": "bb6c3078-53fc-4dd7-8ba3-1f964a6a764b - Route bloqu\u00e9e - 2020-06-17 15:39:20.568887+00:00", "action_flag": 2, "change_message": "[{\"changed\": {\"fields\": [\"End at\"]}}]"}}, {"model": "admin.logentry", "pk": 14, "fields": {"action_time": "2020-06-17T16:27:47.551Z", "user": "9c911ee9-10a7-451c-bcc9-0c55ea6c99c4", "content_type": 9, "object_id": "bb6c3078-53fc-4dd7-8ba3-1f964a6a764b", "object_repr": "bb6c3078-53fc-4dd7-8ba3-1f964a6a764b - Route bloqu\u00e9e - 2020-06-17 15:39:20.568887+00:00", "action_flag": 2, "change_message": "[{\"changed\": {\"fields\": [\"End at\"]}}]"}}, {"model": "admin.logentry", "pk": 15, "fields": {"action_time": "2020-06-17T16:28:41.378Z", "user": "9c911ee9-10a7-451c-bcc9-0c55ea6c99c4", "content_type": 9, "object_id": "bb6c3078-53fc-4dd7-8ba3-1f964a6a764b", "object_repr": "bb6c3078-53fc-4dd7-8ba3-1f964a6a764b - Route bloqu\u00e9e - 2020-06-17 15:39:20.568887+00:00", "action_flag": 2, "change_message": "[{\"changed\": {\"fields\": [\"End at\"]}}]"}}, {"model": "admin.logentry", "pk": 16, "fields": {"action_time": "2020-06-17T16:31:30.166Z", "user": "9c911ee9-10a7-451c-bcc9-0c55ea6c99c4", "content_type": 9, "object_id": "bb6c3078-53fc-4dd7-8ba3-1f964a6a764b", "object_repr": "bb6c3078-53fc-4dd7-8ba3-1f964a6a764b - Route bloqu\u00e9e - 2020-06-17 15:39:20.568887+00:00", "action_flag": 2, "change_message": "[{\"changed\": {\"fields\": [\"End at\"]}}]"}}, {"model": "admin.logentry", "pk": 17, "fields": {"action_time": "2020-06-17T19:15:47.300Z", "user": "9c911ee9-10a7-451c-bcc9-0c55ea6c99c4", "content_type": 9, "object_id": "bb6c3078-53fc-4dd7-8ba3-1f964a6a764b", "object_repr": "bb6c3078-53fc-4dd7-8ba3-1f964a6a764b - Route bloqu\u00e9e - 2020-06-17 15:39:20.568887+00:00", "action_flag": 2, "change_message": "[{\"changed\": {\"fields\": [\"Status\"]}}]"}}, {"model": "admin.logentry", "pk": 18, "fields": {"action_time": "2020-06-17T19:16:44.355Z", "user": "9c911ee9-10a7-451c-bcc9-0c55ea6c99c4", "content_type": 9, "object_id": "bb6c3078-53fc-4dd7-8ba3-1f964a6a764b", "object_repr": "bb6c3078-53fc-4dd7-8ba3-1f964a6a764b - Route bloqu\u00e9e - 2020-06-17 15:39:20.568887+00:00", "action_flag": 2, "change_message": "[{\"changed\": {\"fields\": [\"Status\"]}}]"}}, {"model": "admin.logentry", "pk": 19, "fields": {"action_time": "2020-06-17T22:45:32.226Z", "user": "9c911ee9-10a7-451c-bcc9-0c55ea6c99c4", "content_type": 9, "object_id": "bb6c3078-53fc-4dd7-8ba3-1f964a6a764b", "object_repr": "bb6c3078-53fc-4dd7-8ba3-1f964a6a764b - Route bloqu\u00e9e - 2020-06-17 15:39:20.568887+00:00", "action_flag": 2, "change_message": "[{\"changed\": {\"fields\": [\"Status\"]}}]"}}, {"model": "admin.logentry", "pk": 20, "fields": {"action_time": "2020-06-18T01:01:07.893Z", "user": "9c911ee9-10a7-451c-bcc9-0c55ea6c99c4", "content_type": 9, "object_id": "437b88fb-d018-4cee-8b7f-6849a536b87f", "object_repr": "437b88fb-d018-4cee-8b7f-6849a536b87f - Concours d'emploi - 2020-06-17 22:59:42.691202+00:00", "action_flag": 3, "change_message": ""}}, {"model": "admin.logentry", "pk": 21, "fields": {"action_time": "2020-06-18T01:01:07.912Z", "user": "9c911ee9-10a7-451c-bcc9-0c55ea6c99c4", "content_type": 9, "object_id": "17ba570a-a9df-4269-87c8-2a8a7dfe7d93", "object_repr": "17ba570a-a9df-4269-87c8-2a8a7dfe7d93 - Concours d'emploi - 2020-06-17 22:58:44.230503+00:00", "action_flag": 3, "change_message": ""}}, {"model": "admin.logentry", "pk": 22, "fields": {"action_time": "2020-06-18T01:01:21.309Z", "user": "9c911ee9-10a7-451c-bcc9-0c55ea6c99c4", "content_type": 9, "object_id": "bb6c3078-53fc-4dd7-8ba3-1f964a6a764b", "object_repr": "bb6c3078-53fc-4dd7-8ba3-1f964a6a764b - Route bloqu\u00e9e - 2020-06-17 15:39:20.568887+00:00", "action_flag": 2, "change_message": "[{\"changed\": {\"fields\": [\"Image\"]}}]"}}, {"model": "admin.logentry", "pk": 23, "fields": {"action_time": "2020-06-18T01:01:58.131Z", "user": "9c911ee9-10a7-451c-bcc9-0c55ea6c99c4", "content_type": 9, "object_id": "bb6c3078-53fc-4dd7-8ba3-1f964a6a764b", "object_repr": "bb6c3078-53fc-4dd7-8ba3-1f964a6a764b - Route bloqu\u00e9e - 2020-06-17 15:39:20.568887+00:00", "action_flag": 2, "change_message": "[{\"changed\": {\"fields\": [\"Start at\", \"End at\"]}}]"}}, {"model": "admin.logentry", "pk": 24, "fields": {"action_time": "2020-06-18T01:02:06.328Z", "user": "9c911ee9-10a7-451c-bcc9-0c55ea6c99c4", "content_type": 9, "object_id": "bb6c3078-53fc-4dd7-8ba3-1f964a6a764b", "object_repr": "bb6c3078-53fc-4dd7-8ba3-1f964a6a764b - Route bloqu\u00e9e - 2020-06-17 15:39:20.568887+00:00", "action_flag": 2, "change_message": "[{\"changed\": {\"fields\": [\"Status\"]}}]"}}, {"model": "admin.logentry", "pk": 25, "fields": {"action_time": "2020-06-18T01:03:07.047Z", "user": "9c911ee9-10a7-451c-bcc9-0c55ea6c99c4", "content_type": 9, "object_id": "8ad54928-b5c3-475f-9813-b87af409ba21", "object_repr": "8ad54928-b5c3-475f-9813-b87af409ba21 - Concours d'emploi - 2020-06-17 22:59:23.279859+00:00", "action_flag": 2, "change_message": "[{\"changed\": {\"fields\": [\"Desc\", \"Status\", \"End at\"]}}]"}}, {"model": "admin.logentry", "pk": 26, "fields": {"action_time": "2020-06-18T01:40:51.602Z", "user": "9c911ee9-10a7-451c-bcc9-0c55ea6c99c4", "content_type": 9, "object_id": "05992bde-6b88-489d-87e6-a0994b78cf25", "object_repr": "05992bde-6b88-489d-87e6-a0994b78cf25 - Route bloqu\u00e9e - 2020-06-18 01:40:51.601686+00:00", "action_flag": 1, "change_message": "[{\"added\": {}}]"}}, {"model": "admin.logentry", "pk": 27, "fields": {"action_time": "2020-06-18T01:45:44.141Z", "user": "9c911ee9-10a7-451c-bcc9-0c55ea6c99c4", "content_type": 9, "object_id": "ecff3023-2494-404c-bd1c-53091af02144", "object_repr": "ecff3023-2494-404c-bd1c-53091af02144 - Salon Internationl du livre 2020 - 2020-06-18 01:45:44.140190+00:00", "action_flag": 1, "change_message": "[{\"added\": {}}]"}}, {"model": "admin.logentry", "pk": 28, "fields": {"action_time": "2020-06-18T01:46:23.867Z", "user": "9c911ee9-10a7-451c-bcc9-0c55ea6c99c4", "content_type": 9, "object_id": "ecff3023-2494-404c-bd1c-53091af02144", "object_repr": "ecff3023-2494-404c-bd1c-53091af02144 - Salon Internationl du livre 2020 - 2020-06-18 01:45:44.140190+00:00", "action_flag": 2, "change_message": "[{\"changed\": {\"fields\": [\"Desc\"]}}]"}}, {"model": "admin.logentry", "pk": 29, "fields": {"action_time": "2020-06-18T01:50:55.186Z", "user": "9c911ee9-10a7-451c-bcc9-0c55ea6c99c4", "content_type": 9, "object_id": "8ad54928-b5c3-475f-9813-b87af409ba21", "object_repr": "8ad54928-b5c3-475f-9813-b87af409ba21 - Concours d'emploi - 2020-06-17 22:59:23.279859+00:00", "action_flag": 2, "change_message": "[{\"changed\": {\"fields\": [\"Service\"]}}]"}}, {"model": "admin.logentry", "pk": 30, "fields": {"action_time": "2020-06-18T02:02:51.158Z", "user": "9c911ee9-10a7-451c-bcc9-0c55ea6c99c4", "content_type": 9, "object_id": "fcac180e-8f18-4e16-b651-8cd33ecbbacd", "object_repr": "fcac180e-8f18-4e16-b651-8cd33ecbbacd - Prolongation du confinement - 2020-06-18 02:02:51.156568+00:00", "action_flag": 1, "change_message": "[{\"added\": {}}]"}}, {"model": "admin.logentry", "pk": 31, "fields": {"action_time": "2020-06-18T02:12:44.030Z", "user": "9c911ee9-10a7-451c-bcc9-0c55ea6c99c4", "content_type": 9, "object_id": "fcac180e-8f18-4e16-b651-8cd33ecbbacd", "object_repr": "fcac180e-8f18-4e16-b651-8cd33ecbbacd - Prolongation du confinement - 2020-06-18 02:02:51.156568+00:00", "action_flag": 2, "change_message": "[{\"changed\": {\"fields\": [\"Service\"]}}]"}}, {"model": "admin.logentry", "pk": 32, "fields": {"action_time": "2020-06-18T02:12:50.135Z", "user": "9c911ee9-10a7-451c-bcc9-0c55ea6c99c4", "content_type": 9, "object_id": "ecff3023-2494-404c-bd1c-53091af02144", "object_repr": "ecff3023-2494-404c-bd1c-53091af02144 - Salon Internationl du livre 2020 - 2020-06-18 01:45:44.140190+00:00", "action_flag": 2, "change_message": "[{\"changed\": {\"fields\": [\"Service\"]}}]"}}, {"model": "admin.logentry", "pk": 33, "fields": {"action_time": "2020-06-18T10:57:38.751Z", "user": "9c911ee9-10a7-451c-bcc9-0c55ea6c99c4", "content_type": 9, "object_id": "05992bde-6b88-489d-87e6-a0994b78cf25", "object_repr": "05992bde-6b88-489d-87e6-a0994b78cf25 - Route bloqu\u00e9e - 2020-06-18 01:40:51.601686+00:00", "action_flag": 2, "change_message": "[{\"changed\": {\"fields\": [\"Status\"]}}]"}}, {"model": "admin.logentry", "pk": 34, "fields": {"action_time": "2020-06-18T10:57:53.127Z", "user": "9c911ee9-10a7-451c-bcc9-0c55ea6c99c4", "content_type": 9, "object_id": "05992bde-6b88-489d-87e6-a0994b78cf25", "object_repr": "05992bde-6b88-489d-87e6-a0994b78cf25 - Route bloqu\u00e9e - 2020-06-18 01:40:51.601686+00:00", "action_flag": 2, "change_message": "[{\"changed\": {\"fields\": [\"Service\"]}}]"}}, {"model": "admin.logentry", "pk": 35, "fields": {"action_time": "2020-06-18T13:20:37.139Z", "user": "9c911ee9-10a7-451c-bcc9-0c55ea6c99c4", "content_type": 9, "object_id": "fcac180e-8f18-4e16-b651-8cd33ecbbacd", "object_repr": "fcac180e-8f18-4e16-b651-8cd33ecbbacd - Prolongation du confinement - 2020-06-18 02:02:51.156568+00:00", "action_flag": 2, "change_message": "[{\"changed\": {\"fields\": [\"Service\"]}}]"}}, {"model": "admin.logentry", "pk": 36, "fields": {"action_time": "2020-06-18T13:21:24.817Z", "user": "9c911ee9-10a7-451c-bcc9-0c55ea6c99c4", "content_type": 9, "object_id": "ecff3023-2494-404c-bd1c-53091af02144", "object_repr": "ecff3023-2494-404c-bd1c-53091af02144 - Salon Internationl du livre 2020 - 2020-06-18 01:45:44.140190+00:00", "action_flag": 2, "change_message": "[{\"changed\": {\"fields\": [\"Service\", \"Image\"]}}]"}}, {"model": "admin.logentry", "pk": 37, "fields": {"action_time": "2020-06-18T13:21:48.871Z", "user": "9c911ee9-10a7-451c-bcc9-0c55ea6c99c4", "content_type": 8, "object_id": "0869267b-9713-493e-afdd-47e1c0410002", "object_repr": "0869267b-9713-493e-afdd-47e1c0410002 - Service -  - service.generale@madina-tic.dz", "action_flag": 3, "change_message": ""}}, {"model": "admin.logentry", "pk": 38, "fields": {"action_time": "2020-06-18T13:22:07.644Z", "user": "9c911ee9-10a7-451c-bcc9-0c55ea6c99c4", "content_type": 8, "object_id": "90994bb3-b7ef-4f17-8640-388299bfb349", "object_repr": "90994bb3-b7ef-4f17-8640-388299bfb349 - Service -  - Saidbouab43@gmail.com", "action_flag": 2, "change_message": "[{\"changed\": {\"fields\": [\"First name\", \"Last name\"]}}]"}}, {"model": "admin.logentry", "pk": 39, "fields": {"action_time": "2020-06-18T14:49:51.500Z", "user": "9c911ee9-10a7-451c-bcc9-0c55ea6c99c4", "content_type": 13, "object_id": "debbfd19-0b7e-486c-8611-d929f16d49be", "object_repr": "debbfd19-0b7e-486c-8611-d929f16d49be - Electricit\u00e9 restaur\u00e9e. - 2020-06-18 14:49:14.942445+00:00", "action_flag": 3, "change_message": ""}}, {"model": "admin.logentry", "pk": 40, "fields": {"action_time": "2020-06-18T15:01:19.303Z", "user": "9c911ee9-10a7-451c-bcc9-0c55ea6c99c4", "content_type": 13, "object_id": "b3707aa7-f255-485c-886a-2691f5db0b78", "object_repr": "b3707aa7-f255-485c-886a-2691f5db0b78 - Probl\u00e8me reglu\u00e9e - 2020-06-17 15:47:38.157952+00:00", "action_flag": 2, "change_message": "[{\"changed\": {\"fields\": [\"Status\"]}}]"}}, {"model": "admin.logentry", "pk": 41, "fields": {"action_time": "2020-06-18T17:58:38.311Z", "user": "9c911ee9-10a7-451c-bcc9-0c55ea6c99c4", "content_type": 9, "object_id": "aab9039c-599a-44ba-b6a6-d052a6ddc1b5", "object_repr": "aab9039c-599a-44ba-b6a6-d052a6ddc1b5 - Route bloqu\u00e9e - 2020-06-18 16:13:34.142957+00:00", "action_flag": 2, "change_message": "[{\"changed\": {\"fields\": [\"Start at\", \"End at\"]}}]"}}, {"model": "admin.logentry", "pk": 42, "fields": {"action_time": "2020-06-18T17:59:12.486Z", "user": "9c911ee9-10a7-451c-bcc9-0c55ea6c99c4", "content_type": 9, "object_id": "bb6c3078-53fc-4dd7-8ba3-1f964a6a764b", "object_repr": "bb6c3078-53fc-4dd7-8ba3-1f964a6a764b - Route bloqu\u00e9e - 2020-06-17 15:39:20.568887+00:00", "action_flag": 2, "change_message": "[{\"changed\": {\"fields\": [\"Start at\", \"End at\"]}}]"}}, {"model": "admin.logentry", "pk": 43, "fields": {"action_time": "2020-06-18T17:59:56.154Z", "user": "9c911ee9-10a7-451c-bcc9-0c55ea6c99c4", "content_type": 9, "object_id": "bb6c3078-53fc-4dd7-8ba3-1f964a6a764b", "object_repr": "bb6c3078-53fc-4dd7-8ba3-1f964a6a764b - Route bloqu\u00e9e - 2020-06-17 15:39:20.568887+00:00", "action_flag": 2, "change_message": "[{\"changed\": {\"fields\": [\"Status\"]}}]"}}, {"model": "admin.logentry", "pk": 44, "fields": {"action_time": "2020-06-18T18:00:37.158Z", "user": "9c911ee9-10a7-451c-bcc9-0c55ea6c99c4", "content_type": 9, "object_id": "ecff3023-2494-404c-bd1c-53091af02144", "object_repr": "ecff3023-2494-404c-bd1c-53091af02144 - Salon Internationl du livre 2020 - 2020-06-18 01:45:44.140190+00:00", "action_flag": 2, "change_message": "[{\"changed\": {\"fields\": [\"End at\"]}}]"}}, {"model": "admin.logentry", "pk": 45, "fields": {"action_time": "2020-06-27T13:19:58.159Z", "user": "9c911ee9-10a7-451c-bcc9-0c55ea6c99c4", "content_type": 9, "object_id": "d905d994-6379-46f9-b8da-ca9f01bcd27e", "object_repr": "d905d994-6379-46f9-b8da-ca9f01bcd27e - route bloqu\u00e9 - 2020-06-18 17:55:31.252119+00:00", "action_flag": 2, "change_message": "[{\"changed\": {\"fields\": [\"Start at\", \"End at\"]}}]"}}, {"model": "admin.logentry", "pk": 46, "fields": {"action_time": "2020-06-27T13:20:17.503Z", "user": "9c911ee9-10a7-451c-bcc9-0c55ea6c99c4", "content_type": 9, "object_id": "bb6c3078-53fc-4dd7-8ba3-1f964a6a764b", "object_repr": "bb6c3078-53fc-4dd7-8ba3-1f964a6a764b - Route bloqu\u00e9e - 2020-06-17 15:39:20.568887+00:00", "action_flag": 2, "change_message": "[{\"changed\": {\"fields\": [\"Start at\", \"End at\"]}}]"}}, {"model": "admin.logentry", "pk": 47, "fields": {"action_time": "2020-06-27T13:20:31.090Z", "user": "9c911ee9-10a7-451c-bcc9-0c55ea6c99c4", "content_type": 9, "object_id": "bb6c3078-53fc-4dd7-8ba3-1f964a6a764b", "object_repr": "bb6c3078-53fc-4dd7-8ba3-1f964a6a764b - Route bloqu\u00e9e - 2020-06-17 15:39:20.568887+00:00", "action_flag": 2, "change_message": "[{\"changed\": {\"fields\": [\"Status\"]}}]"}}, {"model": "admin.logentry", "pk": 48, "fields": {"action_time": "2020-06-27T13:21:14.802Z", "user": "9c911ee9-10a7-451c-bcc9-0c55ea6c99c4", "content_type": 9, "object_id": "ecff3023-2494-404c-bd1c-53091af02144", "object_repr": "ecff3023-2494-404c-bd1c-53091af02144 - Salon Internationl du livre 2020 - 2020-06-18 01:45:44.140190+00:00", "action_flag": 2, "change_message": "[{\"changed\": {\"fields\": [\"Status\", \"Start at\", \"End at\"]}}]"}}, {"model": "admin.logentry", "pk": 49, "fields": {"action_time": "2020-06-27T13:40:44.159Z", "user": "9c911ee9-10a7-451c-bcc9-0c55ea6c99c4", "content_type": 11, "object_id": "deb4f889-7a53-4c34-b7f9-2d9790236787", "object_repr": "deb4f889-7a53-4c34-b7f9-2d9790236787 - Gas - 2020-06-16 09:38:27.527396+00:00", "action_flag": 2, "change_message": "[{\"changed\": {\"fields\": [\"Service\"]}}]"}}, {"model": "admin.logentry", "pk": 50, "fields": {"action_time": "2020-06-27T13:51:51.129Z", "user": "9c911ee9-10a7-451c-bcc9-0c55ea6c99c4", "content_type": 8, "object_id": "959978d6-2e29-47fc-9ed2-4692ebf1635a", "object_repr": "959978d6-2e29-47fc-9ed2-4692ebf1635a - Service -  - wahidmadano@gmail.com", "action_flag": 2, "change_message": "[{\"changed\": {\"fields\": [\"Groups\", \"Role\"]}}]"}}, {"model": "admin.logentry", "pk": 51, "fields": {"action_time": "2020-06-27T18:14:01.741Z", "user": "9c911ee9-10a7-451c-bcc9-0c55ea6c99c4", "content_type": 8, "object_id": "959978d6-2e29-47fc-9ed2-4692ebf1635a", "object_repr": "959978d6-2e29-47fc-9ed2-4692ebf1635a - Client -  - wahidmadano@gmail.com", "action_flag": 2, "change_message": "[{\"changed\": {\"fields\": [\"Groups\", \"Role\"]}}]"}}, {"model": "admin.logentry", "pk": 52, "fields": {"action_time": "2020-06-27T18:14:57.991Z", "user": "9c911ee9-10a7-451c-bcc9-0c55ea6c99c4", "content_type": 8, "object_id": "5c68fff2-792d-4ae4-abb6-7a56f4c1b13c", "object_repr": "5c68fff2-792d-4ae4-abb6-7a56f4c1b13c - Service -  - oussamamessabih02@gmail.com", "action_flag": 2, "change_message": "[{\"changed\": {\"fields\": [\"Last name\"]}}]"}}, {"model": "admin.logentry", "pk": 53, "fields": {"action_time": "2020-06-28T21:14:52.621Z", "user": "9c911ee9-10a7-451c-bcc9-0c55ea6c99c4", "content_type": 13, "object_id": "c1d19f5f-d338-493f-b454-a97aeca1314a", "object_repr": "c1d19f5f-d338-493f-b454-a97aeca1314a - Probl\u00e8me reglu\u00e9 - 2020-06-28 21:06:17.223116+00:00", "action_flag": 3, "change_message": ""}}, {"model": "admin.logentry", "pk": 54, "fields": {"action_time": "2020-06-28T21:20:54.040Z", "user": "9c911ee9-10a7-451c-bcc9-0c55ea6c99c4", "content_type": 13, "object_id": "fe36e5f3-b819-477e-a8e7-4170b84b90b9", "object_repr": "fe36e5f3-b819-477e-a8e7-4170b84b90b9 - Probl\u00e8me reglu\u00e9 - 2020-06-28 21:16:20.671069+00:00", "action_flag": 3, "change_message": ""}}, {"model": "admin.logentry", "pk": 55, "fields": {"action_time": "2020-06-28T21:32:07.659Z", "user": "9c911ee9-10a7-451c-bcc9-0c55ea6c99c4", "content_type": 13, "object_id": "b791db6e-d449-4db0-8318-d5fa38eff7fe", "object_repr": "b791db6e-d449-4db0-8318-d5fa38eff7fe - Probl\u00e8me reglu\u00e9 - 2020-06-28 21:23:00.236000+00:00", "action_flag": 3, "change_message": ""}}, {"model": "admin.logentry", "pk": 56, "fields": {"action_time": "2020-06-28T21:35:27.216Z", "user": "9c911ee9-10a7-451c-bcc9-0c55ea6c99c4", "content_type": 13, "object_id": "72e2ff47-da89-4e5c-b7a9-8f1bafb815b8", "object_repr": "72e2ff47-da89-4e5c-b7a9-8f1bafb815b8 - Probl\u00e8me reglu\u00e9 - 2020-06-28 21:34:54.675511+00:00", "action_flag": 3, "change_message": ""}}, {"model": "admin.logentry", "pk": 57, "fields": {"action_time": "2020-06-28T21:37:42.596Z", "user": "9c911ee9-10a7-451c-bcc9-0c55ea6c99c4", "content_type": 13, "object_id": "ef59de89-791f-4ca6-b1f2-db10ec805ba2", "object_repr": "ef59de89-791f-4ca6-b1f2-db10ec805ba2 - Probl\u00e8me reglu\u00e9 - 2020-06-28 21:36:51.778684+00:00", "action_flag": 3, "change_message": ""}}]